"14";"-339"
"15";"-338"
"15";"-339"
"15";"-340"
"16";"-338"
"16";"-339"
"16";"-340"
"17";"-338"
"17";"-339"
"17";"-340"
"18";"-338"
"18";"-339"
"18";"-340"
"19";"-338"
"19";"-339"
"19";"-340"
"20";"-338"
"20";"-339"
"20";"-340"
"21";"-338"
"21";"-339"
"21";"-340"
"22";"-338"
"22";"-339"
"22";"-340"
"23";"-338"
"23";"-339"
"23";"-340"
"24";"-338"
"24";"-339"
"24";"-340"
"25";"-338"
"25";"-339"
"25";"-340"
"26";"-338"
"26";"-339"
"26";"-340"
"27";"-338"
"27";"-339"
"27";"-340"
"28";"-338"
"28";"-339"
"28";"-340"
"29";"-338"
"29";"-339"
"29";"-340"
"30";"-338"
"30";"-339"
"30";"-340"
"31";"-338"
"31";"-339"
"31";"-340"
"32";"-338"
"32";"-339"
"32";"-340"
"33";"-338"
"33";"-339"
"33";"-340"
"34";"-338"
"34";"-339"
"34";"-340"
"35";"-338"
"35";"-339"
"35";"-340"
"36";"-338"
"36";"-339"
"36";"-340"
"37";"-338"
"37";"-339"
"37";"-340"
"38";"-338"
"38";"-339"
"38";"-340"
"39";"-338"
"39";"-339"
"39";"-340"
"40";"-338"
"40";"-339"
"40";"-340"
"41";"-338"
"41";"-339"
"41";"-340"
"42";"-338"
"42";"-339"
"42";"-340"
"43";"-338"
"43";"-339"
"43";"-340"
"44";"-338"
"44";"-339"
"44";"-340"
"45";"-338"
"45";"-339"
"45";"-340"
"46";"-338"
"46";"-339"
"46";"-340"
"47";"-338"
"47";"-339"
"47";"-340"
"48";"-338"
"48";"-339"
"48";"-340"
"49";"-338"
"49";"-339"
"49";"-340"
"50";"-338"
"50";"-339"
"50";"-340"
"51";"-338"
"51";"-339"
"51";"-340"
"52";"-338"
"52";"-339"
"52";"-340"
"53";"-338"
"53";"-339"
"53";"-340"
"54";"-338"
"54";"-339"
"54";"-340"
"55";"-338"
"55";"-339"
"55";"-340"
"56";"-338"
"56";"-339"
"56";"-340"
"57";"-338"
"57";"-339"
"57";"-340"
"58";"-338"
"58";"-339"
"58";"-340"
"59";"-338"
"59";"-339"
"59";"-340"
"60";"-338"
"60";"-339"
"60";"-340"
"61";"-338"
"61";"-339"
"61";"-340"
"62";"-338"
"62";"-339"
"62";"-340"
"63";"-337"
"63";"-338"
"63";"-339"
"64";"-337"
"64";"-338"
"64";"-339"
"65";"-336"
"65";"-337"
"65";"-338"
"66";"-336"
"66";"-337"
"66";"-338"
"66";"-339"
"67";"-337"
"67";"-338"
"67";"-339"
"68";"-338"
"68";"-339"
"68";"-340"
"69";"-338"
"69";"-339"
"69";"-340"
"70";"-338"
"70";"-339"
"70";"-340"
"71";"-338"
"71";"-339"
"71";"-340"
"72";"-338"
"72";"-339"
"72";"-340"
"73";"-338"
"73";"-339"
"73";"-340"
"74";"-338"
"74";"-339"
"74";"-340"
"75";"-338"
"75";"-339"
"75";"-340"
"76";"-338"
"76";"-339"
"76";"-340"
"77";"-338"
"77";"-339"
"77";"-340"
"78";"-338"
"78";"-339"
"78";"-340"
"79";"-338"
"79";"-339"
"79";"-340"
"80";"-338"
"80";"-339"
"80";"-340"
"81";"-338"
"81";"-339"
"81";"-340"
"82";"-338"
"82";"-339"
"82";"-340"
"83";"-338"
"83";"-339"
"83";"-340"
"84";"-338"
"84";"-339"
"84";"-340"
"85";"-338"
"85";"-339"
"85";"-340"
"86";"-338"
"86";"-339"
"86";"-340"
"87";"-338"
"87";"-339"
"87";"-340"
"88";"-338"
"88";"-339"
"88";"-340"
"89";"-338"
"89";"-339"
"89";"-340"
"90";"-338"
"90";"-339"
"90";"-340"
"91";"-338"
"91";"-339"
"91";"-340"
"92";"-338"
"92";"-339"
"92";"-340"
"93";"-338"
"93";"-339"
"93";"-340"
"94";"-338"
"94";"-339"
"94";"-340"
"95";"-338"
"95";"-339"
"95";"-340"
"96";"-338"
"96";"-339"
"96";"-340"
"97";"-338"
"97";"-339"
"97";"-340"
"98";"-338"
"98";"-339"
"98";"-340"
"99";"-338"
"99";"-339"
"99";"-340"
"100";"-338"
"100";"-339"
"100";"-340"
"101";"-338"
"101";"-339"
"101";"-340"
"102";"-338"
"102";"-339"
"102";"-340"
"103";"-338"
"103";"-339"
"103";"-340"
"104";"-338"
"104";"-339"
"104";"-340"
"105";"-338"
"105";"-339"
"105";"-340"
"106";"-338"
"106";"-339"
"106";"-340"
"107";"-338"
"107";"-339"
"107";"-340"
"108";"-338"
"108";"-339"
"108";"-340"
"109";"-338"
"109";"-339"
"109";"-340"
"110";"-337"
"110";"-338"
"110";"-339"
"111";"-336"
"111";"-337"
"111";"-338"
"111";"-339"
"112";"-336"
"112";"-337"
"112";"-338"
"113";"-337"
"113";"-338"
"113";"-339"
"114";"-337"
"114";"-338"
"114";"-339"
"115";"-338"
"115";"-339"
"115";"-340"
"116";"-338"
"116";"-339"
"116";"-340"
"117";"-338"
"117";"-339"
"117";"-340"
"118";"-338"
"118";"-339"
"118";"-340"
"119";"-338"
"119";"-339"
"119";"-340"
"120";"-338"
"120";"-339"
"120";"-340"
"121";"-338"
"121";"-339"
"121";"-340"
"122";"-338"
"122";"-339"
"122";"-340"
"123";"-338"
"123";"-339"
"123";"-340"
"124";"-338"
"124";"-339"
"124";"-340"
"125";"-338"
"125";"-339"
"125";"-340"
"126";"-338"
"126";"-339"
"126";"-340"
"127";"-338"
"127";"-339"
"127";"-340"
"128";"-338"
"128";"-339"
"128";"-340"
"129";"-338"
"129";"-339"
"129";"-340"
"130";"-338"
"130";"-339"
"130";"-340"
"131";"-338"
"131";"-339"
"131";"-340"
"132";"-338"
"132";"-339"
"132";"-340"
"133";"-338"
"133";"-339"
"133";"-340"
"134";"-338"
"134";"-339"
"134";"-340"
"135";"-338"
"135";"-339"
"135";"-340"
"136";"-338"
"136";"-339"
"136";"-340"
"137";"-338"
"137";"-339"
"137";"-340"
"138";"-338"
"138";"-339"
"138";"-340"
"139";"-338"
"139";"-339"
"139";"-340"
"140";"-338"
"140";"-339"
"140";"-340"
"141";"-338"
"141";"-339"
"141";"-340"
"142";"-338"
"142";"-339"
"142";"-340"
"143";"-338"
"143";"-339"
"143";"-340"
"144";"-338"
"144";"-339"
"144";"-340"
"145";"-338"
"145";"-339"
"145";"-340"
"146";"-338"
"146";"-339"
"146";"-340"
"147";"-338"
"147";"-339"
"147";"-340"
"148";"-338"
"148";"-339"
"148";"-340"
"149";"-338"
"149";"-339"
"149";"-340"
"150";"-338"
"150";"-339"
"150";"-340"
"151";"-338"
"151";"-339"
"151";"-340"
"152";"-338"
"152";"-339"
"152";"-340"
"153";"-338"
"153";"-339"
"153";"-340"
"154";"-338"
"154";"-339"
"154";"-340"
"155";"-338"
"155";"-339"
"155";"-340"
"156";"-338"
"156";"-339"
"156";"-340"
"157";"-338"
"157";"-339"
"157";"-340"
"158";"-338"
"158";"-339"
"158";"-340"
"159";"-338"
"159";"-339"
"159";"-340"
"160";"-338"
"160";"-339"
"160";"-340"
"161";"-338"
"161";"-339"
"161";"-340"
"162";"-338"
"162";"-339"
"162";"-340"
"163";"-338"
"163";"-339"
"163";"-340"
"164";"-338"
"164";"-339"
"164";"-340"
"165";"-338"
"165";"-339"
"165";"-340"
"166";"-338"
"166";"-339"
"166";"-340"
"167";"-338"
"167";"-339"
"167";"-340"
"168";"-338"
"168";"-339"
"168";"-340"
"169";"-338"
"169";"-339"
"169";"-340"
"170";"-338"
"170";"-339"
"170";"-340"
"171";"-338"
"171";"-339"
"171";"-340"
"172";"-338"
"172";"-339"
"172";"-340"
"173";"-338"
"173";"-339"
"173";"-340"
"174";"-337"
"174";"-338"
"174";"-339"
"175";"-336"
"175";"-337"
"175";"-338"
"175";"-339"
"176";"-336"
"176";"-337"
"176";"-338"
"177";"-336"
"177";"-337"
"177";"-338"
"177";"-339"
"178";"-337"
"178";"-338"
"178";"-339"
"179";"-338"
"179";"-339"
"179";"-340"
"180";"-338"
"180";"-339"
"180";"-340"
"181";"-338"
"181";"-339"
"181";"-340"
"182";"-338"
"182";"-339"
"182";"-340"
"183";"-338"
"183";"-339"
"183";"-340"
"184";"-338"
"184";"-339"
"184";"-340"
"185";"-338"
"185";"-339"
"185";"-340"
"186";"-338"
"186";"-339"
"186";"-340"
"187";"-338"
"187";"-339"
"187";"-340"
"188";"-338"
"188";"-339"
"188";"-340"
"189";"-337"
"189";"-338"
"189";"-339"
"190";"-336"
"190";"-337"
"190";"-338"
"190";"-339"
"191";"-336"
"191";"-337"
"191";"-338"
"192";"-337"
"192";"-338"
"192";"-339"
"193";"-337"
"193";"-338"
"193";"-339"
"193";"-340"
"194";"-338"
"194";"-339"
"194";"-340"
"195";"-338"
"195";"-339"
"195";"-340"
"196";"-333"
"196";"-334"
"196";"-335"
"196";"-336"
"196";"-337"
"196";"-338"
"196";"-339"
"196";"-340"
"197";"-321"
"197";"-322"
"197";"-323"
"197";"-324"
"197";"-325"
"197";"-326"
"197";"-327"
"197";"-328"
"197";"-329"
"197";"-330"
"197";"-331"
"197";"-332"
"197";"-333"
"197";"-334"
"197";"-335"
"197";"-336"
"197";"-337"
"197";"-338"
"197";"-339"
"197";"-340"
"198";"-314"
"198";"-315"
"198";"-316"
"198";"-317"
"198";"-318"
"198";"-319"
"198";"-320"
"198";"-321"
"198";"-322"
"198";"-323"
"198";"-324"
"198";"-325"
"198";"-326"
"198";"-327"
"198";"-328"
"198";"-329"
"198";"-330"
"198";"-331"
"198";"-332"
"198";"-333"
"198";"-334"
"198";"-335"
"198";"-336"
"198";"-337"
"199";"-294"
"199";"-295"
"199";"-296"
"199";"-297"
"199";"-298"
"199";"-299"
"199";"-300"
"199";"-301"
"199";"-302"
"199";"-303"
"199";"-304"
"199";"-305"
"199";"-306"
"199";"-307"
"199";"-308"
"199";"-309"
"199";"-310"
"199";"-311"
"199";"-312"
"199";"-313"
"199";"-314"
"199";"-315"
"199";"-316"
"199";"-317"
"199";"-318"
"199";"-319"
"199";"-320"
"199";"-321"
"199";"-322"
"199";"-323"
"199";"-324"
"199";"-325"
"199";"-326"
"199";"-327"
"200";"-272"
"200";"-273"
"200";"-274"
"200";"-275"
"200";"-276"
"200";"-277"
"200";"-278"
"200";"-279"
"200";"-280"
"200";"-281"
"200";"-282"
"200";"-283"
"200";"-284"
"200";"-285"
"200";"-286"
"200";"-287"
"200";"-288"
"200";"-289"
"200";"-290"
"200";"-291"
"200";"-292"
"200";"-293"
"200";"-294"
"200";"-295"
"200";"-296"
"200";"-297"
"200";"-298"
"200";"-299"
"200";"-300"
"200";"-301"
"200";"-302"
"200";"-303"
"200";"-304"
"200";"-305"
"200";"-306"
"200";"-307"
"200";"-308"
"200";"-309"
"200";"-310"
"200";"-311"
"200";"-312"
"200";"-313"
"200";"-314"
"200";"-315"
"200";"-316"
"200";"-317"
"200";"-318"
"200";"-319"
"201";"-253"
"201";"-254"
"201";"-255"
"201";"-256"
"201";"-257"
"201";"-258"
"201";"-259"
"201";"-260"
"201";"-261"
"201";"-262"
"201";"-263"
"201";"-264"
"201";"-265"
"201";"-266"
"201";"-267"
"201";"-268"
"201";"-269"
"201";"-270"
"201";"-271"
"201";"-272"
"201";"-273"
"201";"-274"
"201";"-275"
"201";"-276"
"201";"-277"
"201";"-278"
"201";"-279"
"201";"-280"
"201";"-281"
"201";"-282"
"201";"-283"
"201";"-284"
"201";"-285"
"201";"-286"
"201";"-287"
"201";"-288"
"201";"-289"
"201";"-290"
"201";"-291"
"201";"-292"
"201";"-293"
"201";"-294"
"201";"-295"
"201";"-296"
"201";"-297"
"201";"-298"
"201";"-299"
"201";"-300"
"201";"-301"
"201";"-302"
"201";"-303"
"201";"-304"
"201";"-305"
"201";"-306"
"201";"-307"
"201";"-308"
"201";"-309"
"201";"-310"
"201";"-311"
"202";"-245"
"202";"-246"
"202";"-247"
"202";"-248"
"202";"-249"
"202";"-250"
"202";"-251"
"202";"-252"
"202";"-253"
"202";"-254"
"202";"-255"
"202";"-256"
"202";"-257"
"202";"-258"
"202";"-259"
"202";"-260"
"202";"-261"
"202";"-262"
"202";"-263"
"202";"-264"
"202";"-265"
"202";"-266"
"202";"-267"
"202";"-268"
"202";"-269"
"202";"-270"
"202";"-271"
"202";"-272"
"202";"-273"
"202";"-274"
"202";"-275"
"202";"-276"
"202";"-277"
"202";"-278"
"202";"-279"
"202";"-280"
"202";"-281"
"202";"-282"
"202";"-283"
"202";"-284"
"202";"-285"
"202";"-286"
"202";"-287"
"202";"-288"
"202";"-289"
"203";"-242"
"203";"-243"
"203";"-244"
"203";"-245"
"203";"-246"
"203";"-247"
"203";"-248"
"203";"-249"
"203";"-250"
"203";"-251"
"203";"-252"
"203";"-253"
"203";"-254"
"203";"-255"
"203";"-256"
"203";"-257"
"203";"-258"
"203";"-259"
"203";"-260"
"203";"-261"
"203";"-262"
"203";"-263"
"204";"-239"
"204";"-240"
"204";"-241"
"204";"-242"
"204";"-243"
"204";"-244"
"204";"-245"
"204";"-246"
"204";"-247"
"205";"-235"
"205";"-236"
"205";"-237"
"205";"-238"
"205";"-239"
"205";"-240"
"205";"-241"
"205";"-242"
"205";"-243"
"205";"-244"
"206";"-231"
"206";"-232"
"206";"-233"
"206";"-234"
"206";"-235"
"206";"-236"
"206";"-237"
"206";"-238"
"206";"-239"
"206";"-240"
"206";"-241"
"207";"-226"
"207";"-227"
"207";"-228"
"207";"-229"
"207";"-230"
"207";"-231"
"207";"-232"
"207";"-233"
"207";"-234"
"207";"-235"
"207";"-236"
"208";"-214"
"208";"-215"
"208";"-216"
"208";"-217"
"208";"-218"
"208";"-219"
"208";"-220"
"208";"-221"
"208";"-222"
"208";"-223"
"208";"-224"
"208";"-225"
"208";"-226"
"208";"-227"
"208";"-228"
"208";"-229"
"208";"-230"
"208";"-231"
"208";"-232"
"208";"-233"
"208";"-234"
"209";"-203"
"209";"-204"
"209";"-205"
"209";"-206"
"209";"-207"
"209";"-208"
"209";"-209"
"209";"-210"
"209";"-211"
"209";"-212"
"209";"-213"
"209";"-214"
"209";"-215"
"209";"-216"
"209";"-217"
"209";"-218"
"209";"-219"
"209";"-220"
"209";"-221"
"209";"-222"
"209";"-223"
"209";"-224"
"209";"-225"
"209";"-226"
"209";"-227"
"209";"-228"
"209";"-229"
"209";"-230"
"209";"-231"
"210";"-190"
"210";"-191"
"210";"-192"
"210";"-193"
"210";"-194"
"210";"-195"
"210";"-196"
"210";"-197"
"210";"-198"
"210";"-199"
"210";"-200"
"210";"-201"
"210";"-202"
"210";"-203"
"210";"-204"
"210";"-205"
"210";"-206"
"210";"-207"
"210";"-208"
"210";"-209"
"210";"-210"
"210";"-211"
"210";"-212"
"210";"-213"
"210";"-214"
"210";"-215"
"210";"-216"
"210";"-217"
"210";"-218"
"210";"-219"
"210";"-220"
"210";"-221"
"210";"-222"
"210";"-223"
"211";"-177"
"211";"-178"
"211";"-179"
"211";"-180"
"211";"-181"
"211";"-182"
"211";"-183"
"211";"-184"
"211";"-185"
"211";"-186"
"211";"-187"
"211";"-188"
"211";"-189"
"211";"-190"
"211";"-191"
"211";"-192"
"211";"-193"
"211";"-194"
"211";"-195"
"211";"-196"
"211";"-197"
"211";"-198"
"211";"-199"
"211";"-200"
"211";"-201"
"211";"-202"
"211";"-203"
"211";"-204"
"211";"-205"
"211";"-206"
"211";"-207"
"211";"-208"
"211";"-209"
"211";"-210"
"212";"-171"
"212";"-172"
"212";"-173"
"212";"-174"
"212";"-175"
"212";"-176"
"212";"-177"
"212";"-178"
"212";"-179"
"212";"-180"
"212";"-181"
"212";"-182"
"212";"-183"
"212";"-184"
"212";"-185"
"212";"-186"
"212";"-187"
"212";"-188"
"212";"-189"
"212";"-190"
"212";"-191"
"212";"-192"
"212";"-193"
"212";"-194"
"212";"-195"
"213";"-165"
"213";"-166"
"213";"-167"
"213";"-168"
"213";"-169"
"213";"-170"
"213";"-171"
"213";"-172"
"213";"-173"
"213";"-174"
"213";"-175"
"213";"-176"
"213";"-177"
"213";"-178"
"213";"-179"
"213";"-180"
"213";"-181"
"213";"-182"
"214";"-160"
"214";"-161"
"214";"-162"
"214";"-163"
"214";"-164"
"214";"-165"
"214";"-166"
"214";"-167"
"214";"-168"
"214";"-169"
"214";"-170"
"214";"-171"
"214";"-172"
"214";"-173"
"214";"-174"
"214";"-175"
"214";"-176"
"215";"-151"
"215";"-152"
"215";"-153"
"215";"-154"
"215";"-155"
"215";"-156"
"215";"-157"
"215";"-158"
"215";"-159"
"215";"-160"
"215";"-161"
"215";"-162"
"215";"-163"
"215";"-164"
"215";"-165"
"215";"-166"
"215";"-167"
"215";"-168"
"215";"-169"
"216";"-139"
"216";"-140"
"216";"-141"
"216";"-142"
"216";"-143"
"216";"-144"
"216";"-145"
"216";"-146"
"216";"-147"
"216";"-148"
"216";"-149"
"216";"-150"
"216";"-151"
"216";"-152"
"216";"-153"
"216";"-154"
"216";"-155"
"216";"-156"
"216";"-157"
"216";"-158"
"216";"-159"
"216";"-160"
"216";"-161"
"216";"-162"
"217";"-119"
"217";"-120"
"217";"-121"
"217";"-122"
"217";"-123"
"217";"-124"
"217";"-125"
"217";"-126"
"217";"-127"
"217";"-128"
"217";"-129"
"217";"-130"
"217";"-131"
"217";"-132"
"217";"-133"
"217";"-134"
"217";"-135"
"217";"-136"
"217";"-137"
"217";"-138"
"217";"-139"
"217";"-140"
"217";"-141"
"217";"-142"
"217";"-143"
"217";"-144"
"217";"-145"
"217";"-146"
"217";"-147"
"217";"-148"
"217";"-149"
"217";"-150"
"217";"-151"
"217";"-152"
"217";"-153"
"217";"-154"
"217";"-155"
"217";"-156"
"218";"-107"
"218";"-108"
"218";"-109"
"218";"-110"
"218";"-111"
"218";"-112"
"218";"-113"
"218";"-114"
"218";"-115"
"218";"-116"
"218";"-117"
"218";"-118"
"218";"-119"
"218";"-120"
"218";"-121"
"218";"-122"
"218";"-123"
"218";"-124"
"218";"-125"
"218";"-126"
"218";"-127"
"218";"-128"
"218";"-129"
"218";"-130"
"218";"-131"
"218";"-132"
"218";"-133"
"218";"-134"
"218";"-135"
"218";"-136"
"218";"-137"
"218";"-138"
"218";"-139"
"218";"-140"
"218";"-141"
"218";"-142"
"218";"-143"
"218";"-144"
"218";"-145"
"218";"-146"
"218";"-147"
"218";"-148"
"218";"-149"
"219";"-102"
"219";"-103"
"219";"-104"
"219";"-105"
"219";"-106"
"219";"-107"
"219";"-108"
"219";"-109"
"219";"-110"
"219";"-111"
"219";"-112"
"219";"-113"
"219";"-114"
"219";"-115"
"219";"-116"
"219";"-117"
"219";"-118"
"219";"-119"
"219";"-120"
"219";"-121"
"219";"-122"
"219";"-123"
"219";"-124"
"219";"-125"
"219";"-126"
"219";"-127"
"219";"-128"
"219";"-129"
"219";"-130"
"219";"-131"
"219";"-132"
"219";"-133"
"219";"-134"
"220";"-96"
"220";"-97"
"220";"-98"
"220";"-99"
"220";"-100"
"220";"-101"
"220";"-102"
"220";"-103"
"220";"-104"
"220";"-105"
"220";"-106"
"220";"-107"
"220";"-108"
"220";"-109"
"220";"-110"
"220";"-111"
"220";"-112"
"220";"-113"
"220";"-114"
"221";"-90"
"221";"-91"
"221";"-92"
"221";"-93"
"221";"-94"
"221";"-95"
"221";"-96"
"221";"-97"
"221";"-98"
"221";"-99"
"221";"-100"
"221";"-101"
"221";"-102"
"221";"-103"
"221";"-104"
"222";"-81"
"222";"-82"
"222";"-83"
"222";"-84"
"222";"-85"
"222";"-86"
"222";"-87"
"222";"-88"
"222";"-89"
"222";"-90"
"222";"-91"
"222";"-92"
"222";"-93"
"222";"-94"
"222";"-95"
"222";"-96"
"222";"-97"
"222";"-98"
"222";"-99"
"223";"-77"
"223";"-78"
"223";"-79"
"223";"-80"
"223";"-81"
"223";"-82"
"223";"-83"
"223";"-84"
"223";"-85"
"223";"-86"
"223";"-87"
"223";"-88"
"223";"-89"
"223";"-90"
"223";"-91"
"223";"-92"
"223";"-93"
"223";"-94"
"223";"-95"
"224";"-77"
"224";"-78"
"224";"-79"
"224";"-80"
"224";"-81"
"224";"-82"
"224";"-83"
"224";"-84"
"224";"-85"
"224";"-86"
"224";"-87"
"225";"-69"
"225";"-70"
"225";"-71"
"225";"-72"
"225";"-73"
"225";"-74"
"225";"-75"
"225";"-76"
"225";"-77"
"225";"-78"
"225";"-79"
"225";"-80"
"225";"-81"
"225";"-82"
"225";"-83"
"225";"-84"
"225";"-85"
"226";"-68"
"226";"-69"
"226";"-70"
"226";"-71"
"226";"-72"
"226";"-73"
"226";"-74"
"226";"-75"
"226";"-76"
"226";"-77"
"226";"-78"
"226";"-79"
"226";"-80"
"226";"-81"
"226";"-82"
"226";"-83"
"226";"-84"
"226";"-85"
"226";"-86"
"226";"-87"
"226";"-88"
"226";"-89"
"227";"-68"
"227";"-69"
"227";"-70"
"227";"-71"
"227";"-72"
"227";"-73"
"227";"-74"
"227";"-75"
"227";"-76"
"227";"-77"
"227";"-78"
"227";"-79"
"227";"-80"
"227";"-81"
"227";"-82"
"227";"-83"
"227";"-84"
"227";"-85"
"227";"-86"
"227";"-87"
"227";"-88"
"227";"-89"
"227";"-90"
"227";"-91"
"227";"-92"
"227";"-93"
"227";"-94"
"228";"-74"
"228";"-75"
"228";"-76"
"228";"-77"
"228";"-78"
"228";"-79"
"228";"-80"
"228";"-81"
"228";"-82"
"228";"-83"
"228";"-84"
"228";"-85"
"228";"-86"
"228";"-87"
"228";"-88"
"228";"-89"
"228";"-90"
"228";"-91"
"228";"-92"
"228";"-93"
"228";"-94"
"229";"-77"
"229";"-78"
"229";"-79"
"229";"-80"
"229";"-81"
"229";"-82"
"229";"-83"
"229";"-84"
"229";"-85"
"229";"-86"
"229";"-87"
"229";"-88"
"229";"-89"
"229";"-90"
"229";"-91"
"229";"-92"
"229";"-93"
"229";"-94"
"229";"-95"
"229";"-96"
"229";"-97"
"229";"-98"
"229";"-99"
"230";"-53"
"230";"-54"
"230";"-55"
"230";"-56"
"230";"-57"
"230";"-58"
"230";"-59"
"230";"-60"
"230";"-61"
"230";"-62"
"230";"-63"
"230";"-64"
"230";"-65"
"230";"-66"
"230";"-67"
"230";"-68"
"230";"-69"
"230";"-70"
"230";"-71"
"230";"-72"
"230";"-73"
"230";"-74"
"230";"-75"
"230";"-76"
"230";"-77"
"230";"-78"
"230";"-79"
"230";"-80"
"230";"-81"
"230";"-82"
"230";"-83"
"230";"-84"
"230";"-85"
"230";"-86"
"230";"-87"
"230";"-88"
"230";"-89"
"230";"-90"
"230";"-91"
"230";"-92"
"230";"-93"
"230";"-94"
"230";"-95"
"230";"-96"
"230";"-97"
"230";"-98"
"230";"-99"
"231";"-49"
"231";"-50"
"231";"-51"
"231";"-52"
"231";"-53"
"231";"-54"
"231";"-55"
"231";"-56"
"231";"-57"
"231";"-58"
"231";"-59"
"231";"-60"
"231";"-61"
"231";"-62"
"231";"-63"
"231";"-64"
"231";"-65"
"231";"-66"
"231";"-67"
"231";"-68"
"231";"-69"
"231";"-70"
"231";"-71"
"231";"-72"
"231";"-73"
"231";"-74"
"231";"-75"
"231";"-76"
"231";"-77"
"231";"-78"
"231";"-79"
"231";"-80"
"231";"-81"
"231";"-82"
"231";"-83"
"231";"-84"
"231";"-85"
"231";"-86"
"231";"-87"
"231";"-88"
"231";"-89"
"231";"-90"
"231";"-91"
"231";"-92"
"231";"-93"
"231";"-94"
"231";"-95"
"231";"-96"
"231";"-97"
"231";"-98"
"231";"-99"
"231";"-100"
"231";"-101"
"231";"-102"
"231";"-103"
"231";"-104"
"232";"-49"
"232";"-50"
"232";"-51"
"232";"-52"
"232";"-53"
"232";"-54"
"232";"-55"
"232";"-56"
"232";"-57"
"232";"-58"
"232";"-59"
"232";"-60"
"232";"-61"
"232";"-62"
"232";"-63"
"232";"-64"
"232";"-65"
"232";"-66"
"232";"-67"
"232";"-68"
"232";"-69"
"232";"-70"
"232";"-71"
"232";"-72"
"232";"-73"
"232";"-74"
"232";"-75"
"232";"-76"
"232";"-77"
"232";"-78"
"232";"-79"
"232";"-80"
"232";"-81"
"232";"-82"
"232";"-83"
"232";"-84"
"232";"-85"
"232";"-86"
"232";"-87"
"232";"-88"
"232";"-89"
"232";"-90"
"232";"-91"
"232";"-92"
"232";"-93"
"232";"-94"
"232";"-95"
"232";"-96"
"232";"-97"
"232";"-98"
"232";"-99"
"232";"-100"
"232";"-101"
"232";"-102"
"232";"-103"
"232";"-104"
"232";"-105"
"232";"-106"
"232";"-107"
"232";"-108"
"232";"-109"
"232";"-110"
"232";"-111"
"232";"-112"
"232";"-113"
"232";"-114"
"232";"-115"
"232";"-116"
"233";"-58"
"233";"-59"
"233";"-60"
"233";"-61"
"233";"-62"
"233";"-63"
"233";"-64"
"233";"-65"
"233";"-66"
"233";"-67"
"233";"-68"
"233";"-69"
"233";"-70"
"233";"-71"
"233";"-72"
"233";"-73"
"233";"-74"
"233";"-75"
"233";"-76"
"233";"-77"
"233";"-78"
"233";"-79"
"233";"-80"
"233";"-81"
"233";"-82"
"233";"-83"
"233";"-84"
"233";"-85"
"233";"-86"
"233";"-87"
"233";"-88"
"233";"-89"
"233";"-90"
"233";"-91"
"233";"-92"
"233";"-93"
"233";"-94"
"233";"-95"
"233";"-96"
"233";"-97"
"233";"-98"
"233";"-99"
"233";"-100"
"233";"-101"
"233";"-102"
"233";"-103"
"233";"-104"
"233";"-105"
"233";"-106"
"233";"-107"
"233";"-108"
"233";"-109"
"233";"-110"
"233";"-111"
"233";"-112"
"233";"-113"
"233";"-114"
"233";"-115"
"233";"-116"
"234";"-106"
"234";"-107"
"234";"-108"
"234";"-109"
"234";"-110"
"234";"-111"
"234";"-112"
"234";"-113"
"234";"-114"
"235";"-107"
"235";"-108"
"235";"-109"
"235";"-110"
"235";"-111"
"235";"-112"
"235";"-113"
"235";"-114"
"236";"-111"
"236";"-112"
"236";"-113"
"236";"-114"
"236";"-115"
"236";"-116"
"236";"-117"
"236";"-118"
"236";"-119"
"236";"-120"
"236";"-121"
"236";"-122"
"236";"-123"
"236";"-124"
"236";"-125"
"236";"-126"
"236";"-127"
"236";"-128"
"236";"-129"
"236";"-130"
"236";"-131"
"236";"-132"
"236";"-133"
"237";"-82"
"237";"-83"
"237";"-84"
"237";"-85"
"237";"-86"
"237";"-87"
"237";"-88"
"237";"-89"
"237";"-90"
"237";"-91"
"237";"-92"
"237";"-93"
"237";"-94"
"237";"-95"
"237";"-96"
"237";"-97"
"237";"-98"
"237";"-99"
"237";"-100"
"237";"-101"
"237";"-102"
"237";"-103"
"237";"-104"
"237";"-105"
"237";"-106"
"237";"-107"
"237";"-108"
"237";"-109"
"237";"-110"
"237";"-111"
"237";"-112"
"237";"-113"
"237";"-114"
"237";"-115"
"237";"-116"
"237";"-117"
"237";"-118"
"237";"-119"
"237";"-120"
"237";"-121"
"237";"-122"
"237";"-123"
"237";"-124"
"237";"-125"
"237";"-126"
"237";"-127"
"237";"-128"
"237";"-129"
"237";"-130"
"237";"-131"
"237";"-132"
"237";"-133"
"237";"-134"
"237";"-135"
"237";"-136"
"237";"-137"
"238";"-63"
"238";"-64"
"238";"-65"
"238";"-66"
"238";"-67"
"238";"-68"
"238";"-69"
"238";"-70"
"238";"-71"
"238";"-72"
"238";"-73"
"238";"-74"
"238";"-75"
"238";"-76"
"238";"-77"
"238";"-78"
"238";"-79"
"238";"-80"
"238";"-81"
"238";"-82"
"238";"-83"
"238";"-84"
"238";"-85"
"238";"-86"
"238";"-87"
"238";"-88"
"238";"-89"
"238";"-90"
"238";"-91"
"238";"-92"
"238";"-93"
"238";"-94"
"238";"-95"
"238";"-96"
"238";"-97"
"238";"-98"
"238";"-99"
"238";"-100"
"238";"-101"
"238";"-102"
"238";"-103"
"238";"-104"
"238";"-105"
"238";"-106"
"238";"-107"
"238";"-108"
"238";"-109"
"238";"-110"
"238";"-111"
"238";"-112"
"238";"-113"
"238";"-114"
"238";"-115"
"238";"-116"
"238";"-117"
"238";"-118"
"238";"-119"
"238";"-120"
"238";"-121"
"238";"-122"
"238";"-123"
"238";"-124"
"238";"-125"
"238";"-126"
"238";"-127"
"238";"-128"
"238";"-129"
"238";"-130"
"238";"-131"
"238";"-132"
"238";"-133"
"238";"-134"
"238";"-135"
"238";"-136"
"238";"-137"
"239";"-63"
"239";"-64"
"239";"-65"
"239";"-66"
"239";"-67"
"239";"-68"
"239";"-69"
"239";"-70"
"239";"-71"
"239";"-72"
"239";"-73"
"239";"-74"
"239";"-75"
"239";"-76"
"239";"-77"
"239";"-78"
"239";"-79"
"239";"-80"
"239";"-81"
"239";"-82"
"239";"-83"
"239";"-84"
"239";"-85"
"239";"-86"
"239";"-87"
"239";"-88"
"239";"-89"
"239";"-90"
"239";"-91"
"239";"-92"
"239";"-93"
"239";"-94"
"239";"-95"
"239";"-96"
"239";"-97"
"239";"-98"
"239";"-99"
"239";"-100"
"239";"-101"
"239";"-102"
"239";"-103"
"239";"-104"
"239";"-105"
"239";"-106"
"239";"-107"
"239";"-108"
"239";"-109"
"239";"-110"
"239";"-111"
"239";"-112"
"240";"-55"
"240";"-56"
"240";"-57"
"240";"-58"
"240";"-59"
"240";"-60"
"240";"-61"
"240";"-62"
"240";"-63"
"240";"-64"
"240";"-65"
"240";"-66"
"240";"-67"
"240";"-68"
"240";"-69"
"240";"-70"
"240";"-71"
"240";"-72"
"240";"-73"
"240";"-74"
"240";"-75"
"240";"-76"
"240";"-77"
"240";"-78"
"240";"-79"
"240";"-80"
"240";"-81"
"240";"-82"
"240";"-83"
"240";"-84"
"240";"-85"
"240";"-86"
"240";"-87"
"240";"-88"
"240";"-89"
"240";"-90"
"240";"-91"
"240";"-92"
"240";"-93"
"240";"-94"
"240";"-95"
"240";"-96"
"240";"-97"
"240";"-98"
"240";"-99"
"240";"-100"
"240";"-101"
"240";"-102"
"240";"-103"
"240";"-104"
"240";"-105"
"240";"-106"
"240";"-107"
"240";"-108"
"240";"-109"
"240";"-110"
"240";"-111"
"240";"-112"
"241";"-37"
"241";"-38"
"241";"-39"
"241";"-40"
"241";"-41"
"241";"-42"
"241";"-43"
"241";"-44"
"241";"-45"
"241";"-46"
"241";"-47"
"241";"-48"
"241";"-49"
"241";"-50"
"241";"-51"
"241";"-52"
"241";"-53"
"241";"-54"
"241";"-55"
"241";"-56"
"241";"-57"
"241";"-58"
"241";"-59"
"241";"-60"
"241";"-61"
"241";"-62"
"241";"-63"
"241";"-64"
"241";"-65"
"241";"-66"
"241";"-67"
"241";"-68"
"241";"-69"
"241";"-70"
"241";"-71"
"241";"-72"
"241";"-73"
"241";"-74"
"241";"-75"
"241";"-76"
"241";"-77"
"241";"-78"
"241";"-79"
"241";"-80"
"241";"-81"
"241";"-82"
"241";"-83"
"241";"-84"
"241";"-85"
"241";"-86"
"241";"-87"
"241";"-88"
"241";"-89"
"241";"-90"
"241";"-91"
"241";"-92"
"241";"-93"
"241";"-94"
"241";"-95"
"241";"-96"
"241";"-97"
"241";"-98"
"241";"-99"
"241";"-100"
"241";"-101"
"241";"-102"
"241";"-103"
"241";"-104"
"241";"-105"
"241";"-106"
"241";"-107"
"241";"-108"
"241";"-109"
"241";"-110"
"241";"-111"
"242";"-37"
"242";"-38"
"242";"-39"
"242";"-40"
"242";"-41"
"242";"-42"
"242";"-43"
"242";"-44"
"242";"-45"
"242";"-46"
"242";"-47"
"242";"-48"
"242";"-49"
"242";"-50"
"242";"-51"
"242";"-52"
"242";"-53"
"242";"-54"
"242";"-55"
"242";"-56"
"242";"-57"
"242";"-58"
"242";"-59"
"242";"-60"
"242";"-61"
"242";"-62"
"242";"-63"
"242";"-64"
"242";"-65"
"242";"-66"
"242";"-67"
"242";"-68"
"242";"-69"
"242";"-70"
"242";"-71"
"242";"-72"
"242";"-73"
"242";"-74"
"242";"-75"
"242";"-76"
"242";"-77"
"242";"-78"
"242";"-79"
"242";"-80"
"242";"-81"
"243";"-40"
"243";"-41"
"243";"-42"
"243";"-43"
"243";"-44"
"243";"-45"
"243";"-46"
"243";"-47"
"243";"-48"
"243";"-49"
"243";"-50"
"243";"-51"
"243";"-52"
"243";"-53"
"243";"-54"
"243";"-55"
"243";"-56"
"243";"-57"
"243";"-58"
"243";"-59"
"243";"-60"
"243";"-61"
"243";"-62"
"243";"-63"
"243";"-64"
"243";"-65"
"243";"-66"
"243";"-67"
"243";"-68"
"243";"-69"
"243";"-70"
"243";"-71"
"243";"-72"
"243";"-73"
"243";"-74"
"243";"-75"
"243";"-76"
"243";"-77"
"243";"-78"
"243";"-79"
"243";"-80"
"243";"-81"
"243";"-82"
"243";"-83"
"243";"-84"
"243";"-85"
"243";"-86"
"243";"-87"
"243";"-88"
"243";"-89"
"243";"-90"
"243";"-91"
"243";"-92"
"243";"-93"
"243";"-94"
"243";"-95"
"243";"-96"
"243";"-97"
"243";"-98"
"244";"-68"
"244";"-69"
"244";"-70"
"244";"-71"
"244";"-72"
"244";"-73"
"244";"-74"
"244";"-75"
"244";"-76"
"244";"-77"
"244";"-78"
"244";"-79"
"244";"-80"
"244";"-81"
"244";"-82"
"244";"-83"
"244";"-84"
"244";"-85"
"244";"-86"
"244";"-87"
"244";"-88"
"244";"-89"
"244";"-90"
"244";"-91"
"244";"-92"
"244";"-93"
"244";"-94"
"244";"-95"
"244";"-96"
"244";"-97"
"244";"-98"
"245";"-73"
"245";"-74"
"245";"-75"
"245";"-76"
"245";"-77"
"245";"-78"
"245";"-79"
"245";"-80"
"245";"-81"
"245";"-82"
"245";"-83"
"245";"-84"
"245";"-85"
"245";"-86"
"245";"-87"
"245";"-88"
"245";"-89"
"245";"-90"
"245";"-91"
"245";"-92"
"245";"-93"
"245";"-94"
"245";"-95"
"245";"-96"
"245";"-97"
"245";"-98"
"246";"-37"
"246";"-38"
"246";"-39"
"246";"-40"
"246";"-41"
"246";"-42"
"246";"-43"
"246";"-44"
"246";"-45"
"246";"-46"
"246";"-47"
"246";"-48"
"246";"-49"
"246";"-50"
"246";"-51"
"246";"-52"
"246";"-53"
"246";"-54"
"246";"-55"
"246";"-56"
"246";"-57"
"246";"-58"
"246";"-59"
"246";"-60"
"246";"-61"
"246";"-62"
"246";"-63"
"246";"-64"
"246";"-65"
"246";"-66"
"246";"-67"
"246";"-68"
"246";"-69"
"246";"-70"
"246";"-71"
"246";"-72"
"246";"-73"
"246";"-74"
"246";"-75"
"246";"-76"
"246";"-77"
"246";"-78"
"246";"-79"
"246";"-80"
"246";"-81"
"246";"-82"
"246";"-83"
"246";"-84"
"246";"-85"
"246";"-86"
"246";"-87"
"247";"-35"
"247";"-36"
"247";"-37"
"247";"-38"
"247";"-39"
"247";"-40"
"247";"-41"
"247";"-42"
"247";"-43"
"247";"-44"
"247";"-45"
"247";"-46"
"247";"-47"
"247";"-48"
"247";"-49"
"247";"-50"
"247";"-51"
"247";"-52"
"247";"-53"
"247";"-54"
"247";"-55"
"247";"-56"
"247";"-57"
"247";"-58"
"247";"-59"
"247";"-60"
"247";"-61"
"247";"-62"
"247";"-63"
"247";"-64"
"247";"-65"
"247";"-66"
"247";"-67"
"247";"-68"
"247";"-69"
"247";"-70"
"247";"-71"
"247";"-72"
"247";"-73"
"247";"-74"
"247";"-75"
"247";"-76"
"248";"-35"
"248";"-36"
"248";"-37"
"248";"-38"
"248";"-39"
"248";"-40"
"248";"-41"
"248";"-42"
"248";"-43"
"248";"-44"
"248";"-45"
"248";"-46"
"248";"-47"
"248";"-48"
"248";"-49"
"248";"-50"
"248";"-51"
"248";"-52"
"248";"-53"
"248";"-54"
"248";"-55"
"248";"-56"
"248";"-57"
"248";"-58"
"248";"-59"
"249";"-35"
"249";"-36"
"249";"-37"
"249";"-38"
"249";"-39"
"249";"-40"
"249";"-41"
"249";"-42"
"249";"-43"
"249";"-44"
"249";"-45"
"249";"-46"
"249";"-47"
"249";"-48"
"250";"-38"
"250";"-39"
"250";"-40"
"250";"-41"
"250";"-42"
"250";"-43"
"250";"-44"
"250";"-45"
"250";"-46"
"250";"-47"
"250";"-48"
"250";"-49"
"250";"-50"
"250";"-51"
"250";"-52"
"250";"-53"
"250";"-54"
"250";"-55"
"250";"-56"
"250";"-57"
"250";"-58"
"250";"-59"
"250";"-60"
"250";"-61"
"250";"-62"
"251";"-44"
"251";"-45"
"251";"-46"
"251";"-47"
"251";"-48"
"251";"-49"
"251";"-50"
"251";"-51"
"251";"-52"
"251";"-53"
"251";"-54"
"251";"-55"
"251";"-56"
"251";"-57"
"251";"-58"
"251";"-59"
"251";"-60"
"251";"-61"
"251";"-62"
"251";"-63"
"251";"-64"
"251";"-65"
"251";"-66"
"251";"-67"
"251";"-68"
"251";"-69"
"251";"-70"
"251";"-71"
"251";"-72"
"251";"-73"
"251";"-74"
"251";"-75"
"251";"-76"
"251";"-77"
"251";"-78"
"251";"-79"
"251";"-80"
"251";"-81"
"251";"-82"
"251";"-83"
"251";"-84"
"251";"-85"
"251";"-86"
"251";"-87"
"251";"-88"
"251";"-89"
"251";"-90"
"251";"-91"
"251";"-92"
"251";"-93"
"251";"-94"
"251";"-95"
"251";"-96"
"251";"-97"
"251";"-98"
"251";"-99"
"252";"-55"
"252";"-56"
"252";"-57"
"252";"-58"
"252";"-59"
"252";"-60"
"252";"-61"
"252";"-62"
"252";"-63"
"252";"-64"
"252";"-65"
"252";"-66"
"252";"-67"
"252";"-68"
"252";"-69"
"252";"-70"
"252";"-71"
"252";"-72"
"252";"-73"
"252";"-74"
"252";"-75"
"252";"-76"
"252";"-77"
"252";"-78"
"252";"-79"
"252";"-80"
"252";"-81"
"252";"-82"
"252";"-83"
"252";"-84"
"252";"-85"
"252";"-86"
"252";"-87"
"252";"-88"
"252";"-89"
"252";"-90"
"252";"-91"
"252";"-92"
"252";"-93"
"252";"-94"
"252";"-95"
"252";"-96"
"252";"-97"
"252";"-98"
"252";"-99"
"252";"-100"
"252";"-101"
"252";"-102"
"252";"-103"
"252";"-104"
"252";"-105"
"252";"-106"
"252";"-107"
"252";"-108"
"252";"-109"
"252";"-110"
"252";"-111"
"252";"-112"
"253";"-55"
"253";"-56"
"253";"-57"
"253";"-58"
"253";"-59"
"253";"-60"
"253";"-61"
"253";"-62"
"253";"-63"
"253";"-64"
"253";"-65"
"253";"-66"
"253";"-67"
"253";"-68"
"253";"-69"
"253";"-70"
"253";"-71"
"253";"-72"
"253";"-73"
"253";"-74"
"253";"-75"
"253";"-76"
"253";"-77"
"253";"-78"
"253";"-79"
"253";"-80"
"253";"-81"
"253";"-82"
"253";"-83"
"253";"-84"
"253";"-85"
"253";"-86"
"253";"-87"
"253";"-88"
"253";"-89"
"253";"-90"
"253";"-91"
"253";"-92"
"253";"-93"
"253";"-94"
"253";"-95"
"253";"-96"
"253";"-97"
"253";"-98"
"253";"-99"
"253";"-100"
"253";"-101"
"253";"-102"
"253";"-103"
"253";"-104"
"253";"-105"
"253";"-106"
"253";"-107"
"253";"-108"
"253";"-109"
"253";"-110"
"253";"-111"
"253";"-112"
"254";"-55"
"254";"-56"
"254";"-57"
"254";"-58"
"254";"-59"
"254";"-60"
"254";"-61"
"254";"-62"
"254";"-63"
"254";"-64"
"254";"-65"
"254";"-66"
"254";"-67"
"254";"-68"
"254";"-69"
"254";"-70"
"254";"-71"
"254";"-72"
"254";"-73"
"254";"-74"
"254";"-75"
"254";"-76"
"254";"-77"
"254";"-78"
"254";"-79"
"254";"-80"
"254";"-81"
"254";"-82"
"254";"-83"
"254";"-84"
"254";"-85"
"254";"-86"
"254";"-87"
"254";"-88"
"254";"-89"
"254";"-90"
"254";"-91"
"254";"-92"
"254";"-93"
"254";"-94"
"254";"-95"
"254";"-96"
"254";"-97"
"254";"-98"
"254";"-99"
"254";"-100"
"254";"-101"
"254";"-102"
"254";"-103"
"254";"-104"
"254";"-105"
"254";"-106"
"254";"-107"
"254";"-108"
"254";"-109"
"254";"-110"
"254";"-111"
"254";"-112"
"255";"-55"
"255";"-56"
"255";"-57"
"255";"-58"
"255";"-59"
"255";"-60"
"255";"-61"
"255";"-62"
"255";"-63"
"255";"-64"
"255";"-65"
"255";"-66"
"255";"-67"
"255";"-68"
"255";"-69"
"255";"-70"
"255";"-71"
"255";"-72"
"255";"-73"
"255";"-74"
"255";"-75"
"255";"-76"
"255";"-77"
"255";"-78"
"255";"-79"
"255";"-80"
"255";"-81"
"255";"-82"
"255";"-83"
"255";"-84"
"255";"-85"
"255";"-86"
"255";"-87"
"255";"-88"
"255";"-89"
"255";"-90"
"255";"-91"
"255";"-92"
"255";"-93"
"255";"-94"
"255";"-95"
"255";"-96"
"255";"-97"
"255";"-98"
"255";"-99"
"255";"-100"
"255";"-101"
"255";"-102"
"256";"-58"
"256";"-59"
"256";"-60"
"256";"-61"
"256";"-62"
"256";"-63"
"256";"-64"
"256";"-65"
"256";"-66"
"256";"-67"
"256";"-68"
"256";"-69"
"256";"-70"
"256";"-71"
"256";"-72"
"256";"-73"
"256";"-74"
"256";"-75"
"256";"-76"
"256";"-77"
"256";"-78"
"256";"-79"
"256";"-80"
"256";"-81"
"256";"-82"
"256";"-83"
"256";"-84"
"256";"-85"
"256";"-86"
"256";"-87"
"256";"-88"
"256";"-89"
"256";"-90"
"256";"-91"
"256";"-92"
"256";"-93"
"256";"-94"
"256";"-95"
"256";"-96"
"256";"-97"
"256";"-98"
"256";"-99"
"256";"-100"
"256";"-101"
"256";"-102"
"256";"-103"
"257";"-49"
"257";"-50"
"257";"-51"
"257";"-52"
"257";"-53"
"257";"-54"
"257";"-55"
"257";"-56"
"257";"-57"
"257";"-58"
"257";"-59"
"257";"-60"
"257";"-61"
"257";"-62"
"257";"-63"
"257";"-64"
"257";"-65"
"257";"-66"
"257";"-67"
"257";"-68"
"257";"-69"
"257";"-70"
"257";"-71"
"257";"-72"
"257";"-73"
"257";"-74"
"257";"-75"
"257";"-76"
"257";"-77"
"257";"-78"
"257";"-79"
"257";"-80"
"257";"-81"
"257";"-82"
"257";"-83"
"257";"-84"
"257";"-85"
"257";"-86"
"257";"-87"
"257";"-88"
"257";"-89"
"257";"-90"
"257";"-91"
"257";"-92"
"257";"-93"
"257";"-94"
"257";"-95"
"257";"-96"
"257";"-97"
"257";"-98"
"257";"-99"
"257";"-100"
"257";"-101"
"257";"-102"
"257";"-103"
"258";"-49"
"258";"-50"
"258";"-51"
"258";"-52"
"258";"-53"
"258";"-54"
"258";"-55"
"258";"-56"
"258";"-57"
"258";"-58"
"258";"-59"
"258";"-60"
"258";"-61"
"258";"-62"
"258";"-63"
"258";"-64"
"258";"-65"
"258";"-66"
"258";"-67"
"258";"-68"
"258";"-69"
"258";"-70"
"258";"-71"
"258";"-72"
"258";"-73"
"258";"-74"
"258";"-75"
"258";"-76"
"258";"-77"
"258";"-78"
"258";"-79"
"258";"-80"
"258";"-81"
"258";"-82"
"258";"-83"
"258";"-84"
"258";"-85"
"258";"-86"
"258";"-87"
"258";"-88"
"258";"-89"
"258";"-90"
"258";"-91"
"258";"-92"
"258";"-93"
"258";"-94"
"258";"-95"
"258";"-96"
"258";"-97"
"258";"-98"
"258";"-99"
"258";"-100"
"258";"-101"
"258";"-102"
"259";"-49"
"259";"-50"
"259";"-51"
"259";"-52"
"259";"-53"
"259";"-54"
"259";"-55"
"259";"-56"
"259";"-57"
"259";"-58"
"259";"-59"
"259";"-60"
"259";"-61"
"259";"-62"
"259";"-63"
"259";"-64"
"259";"-65"
"259";"-66"
"259";"-67"
"259";"-68"
"259";"-69"
"259";"-70"
"259";"-71"
"259";"-72"
"259";"-73"
"259";"-74"
"259";"-75"
"259";"-76"
"259";"-77"
"259";"-78"
"259";"-79"
"259";"-80"
"259";"-81"
"259";"-82"
"259";"-83"
"259";"-84"
"259";"-85"
"259";"-86"
"259";"-87"
"259";"-88"
"259";"-89"
"259";"-90"
"259";"-91"
"259";"-92"
"259";"-93"
"259";"-94"
"259";"-95"
"259";"-96"
"259";"-97"
"259";"-98"
"259";"-99"
"259";"-100"
"259";"-101"
"259";"-102"
"259";"-103"
"260";"-15"
"260";"-16"
"260";"-17"
"260";"-18"
"260";"-19"
"260";"-20"
"260";"-21"
"260";"-22"
"260";"-23"
"260";"-24"
"260";"-25"
"260";"-26"
"260";"-27"
"260";"-28"
"260";"-29"
"260";"-30"
"260";"-31"
"260";"-32"
"260";"-33"
"260";"-34"
"260";"-35"
"260";"-36"
"260";"-37"
"260";"-38"
"260";"-39"
"260";"-40"
"260";"-41"
"260";"-42"
"260";"-43"
"260";"-44"
"260";"-45"
"260";"-46"
"260";"-47"
"260";"-48"
"260";"-49"
"260";"-50"
"260";"-51"
"260";"-52"
"260";"-53"
"260";"-54"
"260";"-55"
"260";"-56"
"260";"-57"
"260";"-58"
"260";"-59"
"260";"-60"
"260";"-61"
"260";"-62"
"260";"-63"
"260";"-64"
"260";"-65"
"260";"-66"
"260";"-67"
"260";"-68"
"260";"-69"
"260";"-70"
"260";"-71"
"260";"-72"
"260";"-73"
"260";"-74"
"260";"-75"
"260";"-76"
"260";"-77"
"260";"-78"
"260";"-79"
"260";"-80"
"260";"-81"
"260";"-82"
"260";"-83"
"260";"-84"
"260";"-85"
"260";"-86"
"260";"-87"
"260";"-88"
"260";"-89"
"260";"-90"
"260";"-91"
"260";"-92"
"260";"-93"
"260";"-94"
"260";"-95"
"260";"-96"
"260";"-97"
"260";"-98"
"260";"-99"
"260";"-100"
"260";"-101"
"260";"-102"
"260";"-103"
"261";"-14"
"261";"-15"
"261";"-16"
"261";"-17"
"261";"-18"
"261";"-19"
"261";"-20"
"261";"-21"
"261";"-22"
"261";"-23"
"261";"-24"
"261";"-25"
"261";"-26"
"261";"-27"
"261";"-28"
"261";"-29"
"261";"-30"
"261";"-31"
"261";"-32"
"261";"-33"
"261";"-34"
"261";"-35"
"261";"-36"
"261";"-37"
"261";"-38"
"261";"-39"
"261";"-40"
"261";"-41"
"261";"-42"
"261";"-43"
"261";"-44"
"261";"-45"
"261";"-46"
"261";"-47"
"261";"-48"
"261";"-49"
"261";"-50"
"261";"-51"
"261";"-52"
"261";"-53"
"261";"-54"
"261";"-55"
"261";"-56"
"261";"-57"
"261";"-58"
"261";"-59"
"261";"-60"
"261";"-61"
"261";"-62"
"261";"-63"
"261";"-64"
"261";"-65"
"261";"-66"
"261";"-67"
"261";"-68"
"261";"-69"
"261";"-70"
"261";"-71"
"261";"-72"
"261";"-73"
"261";"-74"
"261";"-75"
"261";"-76"
"261";"-77"
"261";"-78"
"261";"-79"
"261";"-80"
"261";"-81"
"261";"-82"
"261";"-83"
"261";"-84"
"261";"-85"
"261";"-86"
"261";"-87"
"261";"-88"
"261";"-89"
"261";"-90"
"261";"-91"
"261";"-92"
"261";"-93"
"261";"-94"
"261";"-95"
"261";"-96"
"261";"-97"
"261";"-98"
"261";"-99"
"261";"-100"
"262";"-14"
"262";"-15"
"262";"-16"
"262";"-17"
"262";"-18"
"262";"-19"
"262";"-20"
"262";"-21"
"262";"-22"
"262";"-23"
"262";"-24"
"262";"-25"
"262";"-26"
"262";"-27"
"262";"-28"
"262";"-29"
"262";"-30"
"262";"-31"
"262";"-32"
"262";"-33"
"262";"-34"
"262";"-35"
"262";"-36"
"262";"-37"
"262";"-38"
"262";"-39"
"262";"-40"
"262";"-41"
"262";"-42"
"262";"-43"
"262";"-44"
"262";"-45"
"262";"-46"
"262";"-47"
"262";"-48"
"262";"-49"
"262";"-50"
"262";"-51"
"262";"-52"
"262";"-53"
"262";"-54"
"262";"-55"
"262";"-56"
"262";"-57"
"262";"-58"
"262";"-59"
"262";"-60"
"262";"-61"
"262";"-62"
"262";"-63"
"262";"-64"
"262";"-65"
"262";"-66"
"262";"-67"
"262";"-68"
"262";"-69"
"262";"-70"
"262";"-71"
"262";"-72"
"262";"-73"
"262";"-74"
"262";"-75"
"262";"-76"
"262";"-77"
"262";"-78"
"262";"-79"
"262";"-80"
"262";"-81"
"262";"-82"
"262";"-83"
"262";"-84"
"262";"-85"
"262";"-86"
"262";"-87"
"262";"-88"
"262";"-89"
"262";"-90"
"262";"-91"
"262";"-92"
"262";"-93"
"262";"-94"
"262";"-95"
"262";"-96"
"262";"-97"
"262";"-98"
"262";"-99"
"262";"-100"
"262";"-101"
"262";"-102"
"262";"-103"
"262";"-104"
"262";"-105"
"262";"-106"
"262";"-107"
"262";"-108"
"262";"-109"
"263";"-51"
"263";"-52"
"263";"-53"
"263";"-54"
"263";"-55"
"263";"-56"
"263";"-57"
"263";"-58"
"263";"-59"
"263";"-60"
"263";"-61"
"263";"-62"
"263";"-63"
"263";"-64"
"263";"-65"
"263";"-66"
"263";"-67"
"263";"-68"
"263";"-69"
"263";"-70"
"263";"-71"
"263";"-72"
"263";"-73"
"263";"-74"
"263";"-75"
"263";"-76"
"263";"-77"
"263";"-78"
"263";"-79"
"263";"-80"
"263";"-81"
"263";"-82"
"263";"-83"
"263";"-84"
"263";"-85"
"263";"-86"
"263";"-87"
"263";"-88"
"263";"-89"
"263";"-90"
"263";"-91"
"263";"-92"
"263";"-93"
"263";"-94"
"263";"-95"
"263";"-96"
"263";"-97"
"263";"-98"
"263";"-99"
"263";"-100"
"263";"-101"
"263";"-102"
"263";"-103"
"263";"-104"
"263";"-105"
"263";"-106"
"263";"-107"
"263";"-108"
"263";"-109"
"264";"-80"
"264";"-81"
"264";"-82"
"264";"-83"
"264";"-84"
"264";"-85"
"264";"-86"
"264";"-87"
"264";"-88"
"264";"-89"
"264";"-90"
"264";"-91"
"264";"-92"
"264";"-93"
"264";"-94"
"264";"-95"
"264";"-96"
"264";"-97"
"264";"-98"
"264";"-99"
"264";"-100"
"264";"-101"
"264";"-102"
"264";"-103"
"264";"-104"
"264";"-105"
"264";"-106"
"265";"-65"
"265";"-66"
"265";"-67"
"265";"-68"
"265";"-69"
"265";"-70"
"265";"-71"
"265";"-72"
"265";"-73"
"265";"-74"
"265";"-75"
"265";"-76"
"265";"-77"
"265";"-78"
"265";"-79"
"265";"-80"
"265";"-81"
"265";"-82"
"265";"-83"
"265";"-84"
"265";"-85"
"265";"-86"
"265";"-87"
"265";"-88"
"265";"-89"
"265";"-90"
"265";"-91"
"265";"-92"
"265";"-93"
"265";"-94"
"265";"-95"
"265";"-96"
"265";"-97"
"265";"-98"
"265";"-99"
"266";"-54"
"266";"-55"
"266";"-56"
"266";"-57"
"266";"-58"
"266";"-59"
"266";"-60"
"266";"-61"
"266";"-62"
"266";"-63"
"266";"-64"
"266";"-65"
"266";"-66"
"266";"-67"
"266";"-68"
"266";"-69"
"266";"-70"
"266";"-71"
"266";"-72"
"266";"-73"
"266";"-74"
"266";"-75"
"266";"-76"
"266";"-77"
"266";"-78"
"266";"-79"
"266";"-80"
"266";"-81"
"266";"-82"
"266";"-83"
"266";"-84"
"266";"-85"
"266";"-86"
"266";"-87"
"266";"-88"
"266";"-89"
"266";"-90"
"266";"-91"
"266";"-92"
"266";"-93"
"266";"-94"
"266";"-95"
"266";"-96"
"266";"-97"
"266";"-98"
"266";"-99"
"267";"-50"
"267";"-51"
"267";"-52"
"267";"-53"
"267";"-54"
"267";"-55"
"267";"-56"
"267";"-57"
"267";"-58"
"267";"-59"
"267";"-60"
"267";"-61"
"267";"-62"
"267";"-63"
"267";"-64"
"267";"-65"
"267";"-66"
"267";"-67"
"267";"-68"
"267";"-69"
"267";"-70"
"267";"-71"
"267";"-72"
"267";"-73"
"267";"-74"
"267";"-75"
"267";"-76"
"267";"-77"
"267";"-78"
"267";"-79"
"267";"-80"
"267";"-81"
"267";"-82"
"267";"-83"
"267";"-84"
"267";"-85"
"267";"-86"
"267";"-87"
"267";"-88"
"267";"-89"
"267";"-90"
"267";"-91"
"267";"-92"
"267";"-93"
"267";"-94"
"268";"-50"
"268";"-51"
"268";"-52"
"268";"-53"
"268";"-54"
"268";"-55"
"268";"-56"
"268";"-57"
"268";"-58"
"268";"-59"
"268";"-60"
"268";"-61"
"268";"-62"
"268";"-63"
"268";"-64"
"268";"-65"
"269";"-51"
"269";"-52"
"269";"-53"
"269";"-54"
"269";"-55"
"269";"-56"
"269";"-57"
"269";"-58"
"269";"-59"
"269";"-60"
"269";"-61"
"269";"-62"
"269";"-63"
"269";"-64"
"269";"-65"
"269";"-66"
"270";"-58"
"270";"-59"
"270";"-60"
"270";"-61"
"270";"-62"
"270";"-63"
"270";"-64"
"270";"-65"
"270";"-66"
"271";"-55"
"271";"-56"
"271";"-57"
"271";"-58"
"271";"-59"
"271";"-60"
"271";"-61"
"271";"-62"
"271";"-63"
"271";"-64"
"271";"-65"
"271";"-66"
"272";"-55"
"272";"-56"
"272";"-57"
"272";"-58"
"272";"-59"
"272";"-60"
"272";"-61"
"272";"-62"
"272";"-63"
"272";"-64"
"273";"-55"
"273";"-56"
"273";"-57"
"273";"-58"
"273";"-59"
"273";"-60"
"273";"-61"
"273";"-62"
"273";"-63"
"273";"-64"
"273";"-65"
"273";"-66"
"273";"-67"
"273";"-68"
"273";"-69"
"273";"-70"
"273";"-71"
"273";"-72"
"273";"-73"
"273";"-74"
"273";"-75"
"273";"-76"
"274";"-61"
"274";"-62"
"274";"-63"
"274";"-64"
"274";"-65"
"274";"-66"
"274";"-67"
"274";"-68"
"274";"-69"
"274";"-70"
"274";"-71"
"274";"-72"
"274";"-73"
"274";"-74"
"274";"-75"
"274";"-76"
"274";"-77"
"274";"-78"
"274";"-79"
"274";"-80"
"275";"-72"
"275";"-73"
"275";"-74"
"275";"-75"
"275";"-76"
"275";"-77"
"275";"-78"
"275";"-79"
"275";"-80"
"276";"-78"
"276";"-79"
"276";"-80"
"276";"-81"
"277";"-75"
"277";"-76"
"277";"-77"
"277";"-78"
"277";"-79"
"277";"-80"
"277";"-81"
"278";"-75"
"278";"-76"
"278";"-77"
"278";"-78"
"278";"-79"
"278";"-80"
"278";"-81"
"278";"-82"
"278";"-83"
"278";"-84"
"278";"-85"
"279";"-75"
"279";"-76"
"279";"-77"
"279";"-78"
"279";"-79"
"279";"-80"
"279";"-81"
"279";"-82"
"279";"-83"
"279";"-84"
"279";"-85"
"280";"-78"
"280";"-79"
"280";"-80"
"280";"-81"
"280";"-82"
"280";"-83"
"280";"-84"
"281";"-73"
"281";"-74"
"281";"-75"
"281";"-76"
"281";"-77"
"281";"-78"
"281";"-79"
"281";"-80"
"281";"-81"
"281";"-82"
"281";"-83"
"282";"-73"
"282";"-74"
"282";"-75"
"282";"-76"
"282";"-77"
"282";"-78"
"282";"-79"
"282";"-80"
"282";"-81"
"282";"-82"
"282";"-83"
"283";"-74"
"283";"-75"
"283";"-76"
"283";"-77"
"283";"-78"
"283";"-79"
"283";"-80"
"283";"-81"
"283";"-82"
"283";"-83"
"283";"-84"
"284";"-77"
"284";"-78"
"284";"-79"
"284";"-80"
"284";"-81"
"284";"-82"
"284";"-83"
"284";"-84"
"284";"-85"
"284";"-86"
"285";"-80"
"285";"-81"
"285";"-82"
"285";"-83"
"285";"-84"
"285";"-85"
"285";"-86"
"285";"-87"
"285";"-88"
"285";"-89"
"285";"-90"
"285";"-91"
"285";"-92"
"285";"-93"
"286";"-83"
"286";"-84"
"286";"-85"
"286";"-86"
"286";"-87"
"286";"-88"
"286";"-89"
"286";"-90"
"286";"-91"
"286";"-92"
"286";"-93"
"286";"-94"
"286";"-95"
"286";"-96"
"286";"-97"
"286";"-98"
"286";"-99"
"286";"-100"
"286";"-101"
"286";"-102"
"286";"-103"
"287";"-84"
"287";"-85"
"287";"-86"
"287";"-87"
"287";"-88"
"287";"-89"
"287";"-90"
"287";"-91"
"287";"-92"
"287";"-93"
"287";"-94"
"287";"-95"
"287";"-96"
"287";"-97"
"287";"-98"
"287";"-99"
"287";"-100"
"287";"-101"
"287";"-102"
"287";"-103"
"288";"-96"
"288";"-97"
"288";"-98"
"288";"-99"
"288";"-100"
"288";"-101"
"288";"-102"
"288";"-103"
"288";"-104"
"288";"-105"
"288";"-106"
"288";"-107"
"288";"-108"
"288";"-109"
"288";"-110"
"288";"-111"
"288";"-112"
"288";"-113"
"289";"-96"
"289";"-97"
"289";"-98"
"289";"-99"
"289";"-100"
"289";"-101"
"289";"-102"
"289";"-103"
"289";"-104"
"289";"-105"
"289";"-106"
"289";"-107"
"289";"-108"
"289";"-109"
"289";"-110"
"289";"-111"
"289";"-112"
"289";"-113"
"289";"-114"
"289";"-115"
"289";"-116"
"289";"-117"
"289";"-118"
"289";"-119"
"289";"-120"
"289";"-121"
"289";"-122"
"289";"-123"
"289";"-124"
"290";"-96"
"290";"-97"
"290";"-98"
"290";"-99"
"290";"-100"
"290";"-101"
"290";"-102"
"290";"-103"
"290";"-104"
"290";"-105"
"290";"-106"
"290";"-107"
"290";"-108"
"290";"-109"
"290";"-110"
"290";"-111"
"290";"-112"
"290";"-113"
"290";"-114"
"290";"-115"
"290";"-116"
"290";"-117"
"290";"-118"
"290";"-119"
"290";"-120"
"290";"-121"
"290";"-122"
"290";"-123"
"290";"-124"
"291";"-96"
"291";"-97"
"291";"-98"
"291";"-99"
"291";"-100"
"291";"-101"
"291";"-102"
"291";"-103"
"291";"-104"
"291";"-105"
"291";"-106"
"291";"-107"
"291";"-108"
"291";"-109"
"291";"-110"
"291";"-111"
"291";"-112"
"291";"-113"
"291";"-114"
"291";"-115"
"291";"-116"
"291";"-117"
"291";"-118"
"291";"-119"
"291";"-120"
"291";"-121"
"291";"-122"
"291";"-123"
"291";"-124"
"292";"-97"
"292";"-98"
"292";"-99"
"292";"-100"
"292";"-101"
"292";"-102"
"292";"-103"
"292";"-104"
"292";"-105"
"292";"-106"
"292";"-107"
"292";"-108"
"292";"-109"
"292";"-110"
"292";"-111"
"293";"-103"
"293";"-104"
"293";"-105"
"293";"-106"
"293";"-107"
"293";"-108"
"293";"-109"
"293";"-110"
"293";"-111"
"293";"-112"
"294";"-108"
"294";"-109"
"294";"-110"
"294";"-111"
"294";"-112"
"294";"-113"
"294";"-114"
"294";"-115"
"294";"-116"
"294";"-117"
"294";"-118"
"295";"-108"
"295";"-109"
"295";"-110"
"295";"-111"
"295";"-112"
"295";"-113"
"295";"-114"
"295";"-115"
"295";"-116"
"295";"-117"
"295";"-118"
"295";"-119"
"295";"-120"
"295";"-121"
"295";"-122"
"295";"-123"
"295";"-124"
"295";"-125"
"295";"-126"
"295";"-127"
"295";"-128"
"295";"-129"
"295";"-130"
"296";"-108"
"296";"-109"
"296";"-110"
"296";"-111"
"296";"-112"
"296";"-113"
"296";"-114"
"296";"-115"
"296";"-116"
"296";"-117"
"296";"-118"
"296";"-119"
"296";"-120"
"296";"-121"
"296";"-122"
"296";"-123"
"296";"-124"
"296";"-125"
"296";"-126"
"296";"-127"
"296";"-128"
"296";"-129"
"296";"-130"
"297";"-113"
"297";"-114"
"297";"-115"
"297";"-116"
"297";"-117"
"297";"-118"
"297";"-119"
"297";"-120"
"297";"-121"
"297";"-122"
"297";"-123"
"297";"-124"
"297";"-125"
"297";"-126"
"297";"-127"
"297";"-128"
"297";"-129"
"297";"-130"
"298";"-113"
"298";"-114"
"298";"-115"
"298";"-116"
"298";"-117"
"298";"-118"
"298";"-119"
"298";"-120"
"298";"-121"
"298";"-122"
"298";"-123"
"298";"-124"
"298";"-125"
"298";"-126"
"298";"-127"
"298";"-128"
"298";"-129"
"298";"-130"
"298";"-131"
"298";"-132"
"298";"-133"
"298";"-134"
"298";"-135"
"299";"-113"
"299";"-114"
"299";"-115"
"299";"-116"
"299";"-117"
"299";"-118"
"299";"-119"
"299";"-120"
"299";"-121"
"299";"-122"
"299";"-123"
"299";"-124"
"299";"-125"
"299";"-126"
"299";"-127"
"299";"-128"
"299";"-129"
"299";"-130"
"299";"-131"
"299";"-132"
"299";"-133"
"299";"-134"
"299";"-135"
"300";"-113"
"300";"-114"
"300";"-115"
"300";"-116"
"300";"-117"
"300";"-118"
"300";"-119"
"300";"-120"
"300";"-121"
"300";"-122"
"300";"-123"
"300";"-124"
"300";"-125"
"300";"-126"
"300";"-127"
"300";"-128"
"300";"-129"
"300";"-130"
"300";"-131"
"300";"-132"
"300";"-133"
"300";"-134"
"300";"-135"
"301";"-113"
"301";"-114"
"301";"-115"
"301";"-116"
"301";"-117"
"301";"-118"
"301";"-119"
"301";"-120"
"302";"-114"
"302";"-115"
"302";"-116"
"302";"-117"
"302";"-118"
"302";"-119"
"302";"-120"
"302";"-121"
"302";"-122"
"302";"-123"
"302";"-124"
"302";"-125"
"303";"-115"
"303";"-116"
"303";"-117"
"303";"-118"
"303";"-119"
"303";"-120"
"303";"-121"
"303";"-122"
"303";"-123"
"303";"-124"
"303";"-125"
"304";"-114"
"304";"-115"
"304";"-116"
"304";"-117"
"304";"-118"
"304";"-119"
"304";"-120"
"304";"-121"
"304";"-122"
"304";"-123"
"304";"-124"
"304";"-125"
"304";"-126"
"304";"-127"
"304";"-128"
"304";"-129"
"304";"-130"
"304";"-131"
"304";"-132"
"304";"-133"
"304";"-134"
"304";"-135"
"305";"-115"
"305";"-116"
"305";"-117"
"305";"-118"
"305";"-119"
"305";"-120"
"305";"-121"
"305";"-122"
"305";"-123"
"305";"-124"
"305";"-125"
"305";"-126"
"305";"-127"
"305";"-128"
"305";"-129"
"305";"-130"
"305";"-131"
"305";"-132"
"305";"-133"
"305";"-134"
"305";"-135"
"305";"-136"
"306";"-121"
"306";"-122"
"306";"-123"
"306";"-124"
"306";"-125"
"306";"-126"
"306";"-127"
"306";"-128"
"306";"-129"
"306";"-130"
"306";"-131"
"306";"-132"
"306";"-133"
"306";"-134"
"306";"-135"
"307";"-121"
"307";"-122"
"307";"-123"
"307";"-124"
"307";"-125"
"307";"-126"
"307";"-127"
"308";"-121"
"308";"-122"
"308";"-123"
"308";"-124"
"308";"-125"
"308";"-126"
"308";"-127"
"308";"-128"
"308";"-129"
"308";"-130"
"308";"-131"
"308";"-132"
"308";"-133"
"308";"-134"
"308";"-135"
"309";"-123"
"309";"-124"
"309";"-125"
"309";"-126"
"309";"-127"
"309";"-128"
"309";"-129"
"309";"-130"
"309";"-131"
"309";"-132"
"309";"-133"
"309";"-134"
"309";"-135"
"310";"-124"
"310";"-125"
"310";"-126"
"310";"-127"
"310";"-128"
"310";"-129"
"310";"-130"
"310";"-131"
"310";"-132"
"310";"-133"
"310";"-134"
"310";"-135"
"311";"-123"
"311";"-124"
"311";"-125"
"311";"-126"
"311";"-127"
"311";"-128"
"311";"-129"
"311";"-130"
"312";"-123"
"312";"-124"
"312";"-125"
"312";"-126"
"312";"-127"
"312";"-128"
"312";"-129"
"312";"-130"
"313";"-123"
"313";"-124"
"313";"-125"
"313";"-126"
"313";"-127"
"313";"-128"
"313";"-129"
"313";"-130"
"313";"-131"
"313";"-132"
"313";"-133"
"313";"-134"
"313";"-135"
"313";"-136"
"313";"-137"
"314";"-123"
"314";"-124"
"314";"-125"
"314";"-126"
"314";"-127"
"314";"-128"
"314";"-129"
"314";"-130"
"314";"-131"
"314";"-132"
"314";"-133"
"314";"-134"
"314";"-135"
"314";"-136"
"314";"-137"
"315";"-129"
"315";"-130"
"315";"-131"
"315";"-132"
"315";"-133"
"315";"-134"
"315";"-135"
"315";"-136"
"315";"-137"
"315";"-138"
"315";"-139"
"316";"-129"
"316";"-130"
"316";"-131"
"316";"-132"
"316";"-133"
"316";"-134"
"316";"-135"
"316";"-136"
"316";"-137"
"316";"-138"
"316";"-139"
"316";"-140"
"316";"-141"
"316";"-142"
"316";"-143"
"316";"-144"
"316";"-145"
"316";"-146"
"316";"-147"
"316";"-148"
"316";"-149"
"316";"-150"
"317";"-126"
"317";"-127"
"317";"-128"
"317";"-129"
"317";"-130"
"317";"-131"
"317";"-132"
"317";"-133"
"317";"-134"
"317";"-135"
"317";"-136"
"317";"-137"
"317";"-138"
"317";"-139"
"317";"-140"
"317";"-141"
"317";"-142"
"317";"-143"
"317";"-144"
"317";"-145"
"317";"-146"
"317";"-147"
"317";"-148"
"317";"-149"
"317";"-150"
"318";"-126"
"318";"-127"
"318";"-128"
"318";"-129"
"318";"-130"
"318";"-131"
"318";"-132"
"318";"-133"
"318";"-134"
"318";"-135"
"318";"-136"
"318";"-137"
"318";"-138"
"318";"-139"
"318";"-140"
"318";"-141"
"318";"-142"
"318";"-143"
"318";"-144"
"318";"-145"
"318";"-146"
"318";"-147"
"318";"-148"
"318";"-149"
"318";"-150"
"319";"-126"
"319";"-127"
"319";"-128"
"319";"-129"
"319";"-130"
"319";"-131"
"319";"-132"
"319";"-133"
"319";"-134"
"319";"-135"
"319";"-136"
"319";"-137"
"319";"-138"
"319";"-139"
"319";"-140"
"319";"-141"
"319";"-142"
"319";"-143"
"319";"-144"
"319";"-145"
"319";"-146"
"319";"-147"
"319";"-148"
"320";"-128"
"320";"-129"
"320";"-130"
"320";"-131"
"320";"-132"
"320";"-133"
"320";"-134"
"320";"-135"
"320";"-136"
"320";"-137"
"320";"-138"
"320";"-139"
"320";"-140"
"320";"-141"
"320";"-142"
"320";"-143"
"320";"-144"
"320";"-145"
"320";"-146"
"320";"-147"
"320";"-148"
"320";"-149"
"321";"-127"
"321";"-128"
"321";"-129"
"321";"-130"
"321";"-131"
"321";"-132"
"321";"-133"
"321";"-134"
"321";"-135"
"321";"-136"
"321";"-137"
"321";"-138"
"321";"-139"
"321";"-140"
"321";"-141"
"321";"-142"
"321";"-143"
"321";"-144"
"321";"-145"
"321";"-146"
"321";"-147"
"321";"-148"
"322";"-128"
"322";"-129"
"322";"-130"
"322";"-131"
"322";"-132"
"322";"-133"
"322";"-134"
"322";"-135"
"322";"-136"
"322";"-137"
"322";"-138"
"323";"-131"
"323";"-132"
"323";"-133"
"323";"-134"
"323";"-135"
"323";"-136"
"323";"-137"
"324";"-131"
"324";"-132"
"324";"-133"
"324";"-134"
"324";"-135"
"324";"-136"
"324";"-137"
"325";"-131"
"325";"-132"
"325";"-133"
"325";"-134"
"325";"-135"
"325";"-136"
"325";"-137"
"326";"-132"
"326";"-133"
"326";"-134"
"326";"-135"
"326";"-136"
"326";"-137"
"327";"-132"
"327";"-133"
"327";"-134"
"327";"-135"
"327";"-136"
"327";"-137"
"328";"-132"
"328";"-133"
"328";"-134"
"328";"-135"
"328";"-136"
"328";"-137"
"328";"-138"
"328";"-139"
"328";"-140"
"329";"-133"
"329";"-134"
"329";"-135"
"329";"-136"
"329";"-137"
"329";"-138"
"329";"-139"
"329";"-140"
"329";"-141"
"330";"-132"
"330";"-133"
"330";"-134"
"330";"-135"
"330";"-136"
"330";"-137"
"330";"-138"
"330";"-139"
"330";"-140"
"331";"-132"
"331";"-133"
"331";"-134"
"331";"-135"
"331";"-136"
"331";"-137"
"331";"-138"
"331";"-139"
"331";"-140"
"331";"-141"
"331";"-142"
"331";"-143"
"331";"-144"
"331";"-145"
"331";"-146"
"331";"-147"
"332";"-133"
"332";"-134"
"332";"-135"
"332";"-136"
"332";"-137"
"332";"-138"
"332";"-139"
"332";"-140"
"332";"-141"
"332";"-142"
"332";"-143"
"332";"-144"
"332";"-145"
"332";"-146"
"332";"-147"
"333";"-142"
"333";"-143"
"333";"-144"
"333";"-145"
"333";"-146"
"333";"-147"
"333";"-148"
"333";"-149"
"334";"-136"
"334";"-137"
"334";"-138"
"334";"-139"
"334";"-140"
"334";"-141"
"334";"-142"
"334";"-143"
"334";"-144"
"334";"-145"
"334";"-146"
"334";"-147"
"334";"-148"
"334";"-149"
"335";"-134"
"335";"-135"
"335";"-136"
"335";"-137"
"335";"-138"
"335";"-139"
"335";"-140"
"335";"-141"
"335";"-142"
"335";"-143"
"335";"-144"
"335";"-145"
"335";"-146"
"335";"-147"
"335";"-148"
"336";"-134"
"336";"-135"
"336";"-136"
"336";"-137"
"336";"-138"
"336";"-139"
"337";"-134"
"337";"-135"
"337";"-136"
"337";"-137"
"337";"-138"
"337";"-139"
"338";"-134"
"338";"-135"
"338";"-136"
"338";"-137"
"338";"-138"
"338";"-139"
"339";"-134"
"339";"-135"
"339";"-136"
"339";"-137"
"339";"-138"
"339";"-139"
"339";"-140"
"339";"-141"
"339";"-142"
"339";"-143"
"340";"-135"
"340";"-136"
"340";"-137"
"340";"-138"
"340";"-139"
"340";"-140"
"340";"-141"
"340";"-142"
"340";"-143"
"340";"-144"
"340";"-145"
"340";"-146"
"340";"-147"
"341";"-132"
"341";"-133"
"341";"-134"
"341";"-135"
"341";"-136"
"341";"-137"
"341";"-138"
"341";"-139"
"341";"-140"
"341";"-141"
"341";"-142"
"341";"-143"
"341";"-144"
"341";"-145"
"341";"-146"
"341";"-147"
"342";"-132"
"342";"-133"
"342";"-134"
"342";"-135"
"342";"-136"
"342";"-137"
"342";"-138"
"342";"-139"
"342";"-140"
"342";"-141"
"342";"-142"
"342";"-143"
"342";"-144"
"342";"-145"
"342";"-146"
"343";"-134"
"343";"-135"
"343";"-136"
"343";"-137"
"343";"-138"
"343";"-139"
"343";"-140"
"343";"-141"
"343";"-142"
"343";"-143"
"343";"-144"
"343";"-145"
"343";"-146"
"343";"-147"
"344";"-137"
"344";"-138"
"344";"-139"
"344";"-140"
"344";"-141"
"344";"-142"
"344";"-143"
"344";"-144"
"344";"-145"
"344";"-146"
"344";"-147"
"345";"-137"
"345";"-138"
"345";"-139"
"345";"-140"
"345";"-141"
"345";"-142"
"345";"-143"
"345";"-144"
"345";"-145"
"345";"-146"
"346";"-135"
"346";"-136"
"346";"-137"
"346";"-138"
"346";"-139"
"346";"-140"
"346";"-141"
"346";"-142"
"346";"-143"
"346";"-144"
"346";"-145"
"347";"-134"
"347";"-135"
"347";"-136"
"347";"-137"
"347";"-138"
"347";"-139"
"347";"-140"
"347";"-141"
"347";"-142"
"347";"-143"
"347";"-144"
"347";"-145"
"348";"-134"
"348";"-135"
"348";"-136"
"348";"-137"
"348";"-138"
"348";"-139"
"348";"-140"
"348";"-141"
"348";"-142"
"348";"-143"
"348";"-144"
"348";"-145"
"348";"-146"
"348";"-147"
"348";"-148"
"348";"-149"
"348";"-150"
"348";"-151"
"349";"-136"
"349";"-137"
"349";"-138"
"349";"-139"
"349";"-140"
"349";"-141"
"349";"-142"
"349";"-143"
"349";"-144"
"349";"-145"
"349";"-146"
"349";"-147"
"349";"-148"
"349";"-149"
"349";"-150"
"349";"-151"
"349";"-152"
"349";"-153"
"349";"-154"
"349";"-155"
"349";"-156"
"349";"-157"
"350";"-137"
"350";"-138"
"350";"-139"
"350";"-140"
"350";"-141"
"350";"-142"
"350";"-143"
"350";"-144"
"350";"-145"
"350";"-146"
"350";"-147"
"350";"-148"
"350";"-149"
"350";"-150"
"350";"-151"
"350";"-152"
"350";"-153"
"350";"-154"
"350";"-155"
"350";"-156"
"350";"-157"
"351";"-137"
"351";"-138"
"351";"-139"
"351";"-140"
"351";"-141"
"351";"-142"
"351";"-143"
"351";"-144"
"351";"-145"
"351";"-146"
"351";"-147"
"351";"-148"
"351";"-149"
"352";"-137"
"352";"-138"
"352";"-139"
"352";"-140"
"353";"-136"
"353";"-137"
"353";"-138"
"353";"-139"
"353";"-140"
"354";"-136"
"354";"-137"
"354";"-138"
"354";"-139"
"354";"-140"
"354";"-141"
"354";"-142"
"354";"-143"
"354";"-144"
"354";"-145"
"354";"-146"
"354";"-147"
"354";"-148"
"354";"-149"
"354";"-150"
"355";"-135"
"355";"-136"
"355";"-137"
"355";"-138"
"355";"-139"
"355";"-140"
"355";"-141"
"355";"-142"
"355";"-143"
"355";"-144"
"355";"-145"
"355";"-146"
"355";"-147"
"355";"-148"
"355";"-149"
"355";"-150"
"356";"-134"
"356";"-135"
"356";"-136"
"356";"-137"
"356";"-138"
"356";"-139"
"356";"-140"
"356";"-141"
"356";"-142"
"356";"-143"
"356";"-144"
"356";"-145"
"356";"-146"
"356";"-147"
"356";"-148"
"356";"-149"
"356";"-150"
"357";"-134"
"357";"-135"
"357";"-136"
"357";"-137"
"357";"-138"
"357";"-139"
"357";"-140"
"357";"-141"
"357";"-142"
"357";"-143"
"358";"-133"
"358";"-134"
"358";"-135"
"358";"-136"
"358";"-137"
"358";"-138"
"358";"-139"
"358";"-140"
"358";"-141"
"358";"-142"
"359";"-132"
"359";"-133"
"359";"-134"
"359";"-135"
"359";"-136"
"359";"-137"
"359";"-138"
"359";"-139"
"360";"-132"
"360";"-133"
"360";"-134"
"360";"-135"
"360";"-136"
"360";"-137"
"360";"-138"
"360";"-139"
"360";"-140"
"360";"-141"
"360";"-142"
"360";"-143"
"360";"-144"
"360";"-145"
"361";"-132"
"361";"-133"
"361";"-134"
"361";"-135"
"361";"-136"
"361";"-137"
"361";"-138"
"361";"-139"
"361";"-140"
"361";"-141"
"361";"-142"
"361";"-143"
"361";"-144"
"361";"-145"
"362";"-139"
"362";"-140"
"362";"-141"
"362";"-142"
"362";"-143"
"362";"-144"
"362";"-145"
"363";"-139"
"363";"-140"
"363";"-141"
"363";"-142"
"363";"-143"
"363";"-144"
"363";"-145"
"363";"-146"
"364";"-142"
"364";"-143"
"364";"-144"
"364";"-145"
"365";"-139"
"365";"-140"
"365";"-141"
"365";"-142"
"365";"-143"
"365";"-144"
"366";"-139"
"366";"-140"
"366";"-141"
"366";"-142"
"366";"-143"
"366";"-144"
"366";"-145"
"366";"-146"
"366";"-147"
"366";"-148"
"366";"-149"
"366";"-150"
"366";"-151"
"366";"-152"
"366";"-153"
"366";"-154"
"366";"-155"
"367";"-136"
"367";"-137"
"367";"-138"
"367";"-139"
"367";"-140"
"367";"-141"
"367";"-142"
"367";"-143"
"367";"-144"
"367";"-145"
"367";"-146"
"367";"-147"
"367";"-148"
"367";"-149"
"367";"-150"
"367";"-151"
"367";"-152"
"367";"-153"
"367";"-154"
"367";"-155"
"368";"-136"
"368";"-137"
"368";"-138"
"368";"-139"
"368";"-140"
"368";"-141"
"368";"-142"
"368";"-143"
"368";"-144"
"368";"-145"
"368";"-146"
"368";"-147"
"368";"-148"
"368";"-149"
"368";"-150"
"368";"-151"
"368";"-152"
"368";"-153"
"368";"-154"
"368";"-155"
"369";"-136"
"369";"-137"
"369";"-138"
"369";"-139"
"369";"-140"
"369";"-141"
"369";"-142"
"369";"-143"
"369";"-144"
"369";"-145"
"370";"-136"
"370";"-137"
"370";"-138"
"370";"-139"
"370";"-140"
"370";"-141"
"370";"-142"
"370";"-143"
"370";"-144"
"370";"-145"
"370";"-146"
"371";"-139"
"371";"-140"
"371";"-141"
"371";"-142"
"371";"-143"
"371";"-144"
"371";"-145"
"372";"-139"
"372";"-140"
"372";"-141"
"372";"-142"
"372";"-143"
"372";"-144"
"373";"-136"
"373";"-137"
"373";"-138"
"373";"-139"
"373";"-140"
"373";"-141"
"373";"-142"
"373";"-143"
"373";"-144"
"374";"-136"
"374";"-137"
"374";"-138"
"374";"-139"
"374";"-140"
"374";"-141"
"374";"-142"
"374";"-143"
"375";"-136"
"375";"-137"
"375";"-138"
"375";"-139"
"375";"-140"
"375";"-141"
"375";"-142"
"375";"-143"
"375";"-144"
"375";"-145"
"375";"-146"
"375";"-147"
"375";"-148"
"375";"-149"
"375";"-150"
"375";"-151"
"375";"-152"
"375";"-153"
"376";"-129"
"376";"-130"
"376";"-131"
"376";"-132"
"376";"-133"
"376";"-134"
"376";"-135"
"376";"-136"
"376";"-137"
"376";"-138"
"376";"-139"
"376";"-140"
"376";"-141"
"376";"-142"
"376";"-143"
"376";"-144"
"376";"-145"
"376";"-146"
"376";"-147"
"376";"-148"
"376";"-149"
"376";"-150"
"376";"-151"
"376";"-152"
"376";"-153"
"376";"-154"
"377";"-129"
"377";"-130"
"377";"-131"
"377";"-132"
"377";"-133"
"377";"-134"
"377";"-135"
"377";"-136"
"377";"-137"
"377";"-138"
"377";"-139"
"377";"-140"
"377";"-141"
"377";"-142"
"377";"-143"
"377";"-144"
"377";"-145"
"377";"-146"
"377";"-147"
"377";"-148"
"377";"-149"
"377";"-150"
"377";"-151"
"377";"-152"
"378";"-130"
"378";"-131"
"378";"-132"
"378";"-133"
"378";"-134"
"378";"-135"
"378";"-136"
"378";"-137"
"378";"-138"
"378";"-139"
"378";"-140"
"378";"-141"
"378";"-142"
"378";"-143"
"378";"-144"
"378";"-145"
"378";"-146"
"378";"-147"
"379";"-135"
"379";"-136"
"379";"-137"
"379";"-138"
"379";"-139"
"379";"-140"
"379";"-141"
"379";"-142"
"379";"-143"
"379";"-144"
"379";"-145"
"379";"-146"
"379";"-147"
"380";"-134"
"380";"-135"
"380";"-136"
"380";"-137"
"380";"-138"
"380";"-139"
"380";"-140"
"380";"-141"
"380";"-142"
"380";"-143"
"380";"-144"
"380";"-145"
"380";"-146"
"380";"-147"
"381";"-134"
"381";"-135"
"381";"-136"
"381";"-137"
"381";"-138"
"381";"-139"
"381";"-140"
"381";"-141"
"381";"-142"
"381";"-143"
"381";"-144"
"381";"-145"
"381";"-146"
"381";"-147"
"381";"-148"
"381";"-149"
"381";"-150"
"382";"-135"
"382";"-136"
"382";"-137"
"382";"-138"
"382";"-139"
"382";"-140"
"382";"-141"
"382";"-142"
"382";"-143"
"382";"-144"
"382";"-145"
"382";"-146"
"382";"-147"
"382";"-148"
"382";"-149"
"382";"-150"
"383";"-139"
"383";"-140"
"383";"-141"
"383";"-142"
"383";"-143"
"383";"-144"
"383";"-145"
"383";"-146"
"383";"-147"
"383";"-148"
"383";"-149"
"384";"-137"
"384";"-138"
"384";"-139"
"384";"-140"
"384";"-141"
"384";"-142"
"384";"-143"
"384";"-144"
"385";"-134"
"385";"-135"
"385";"-136"
"385";"-137"
"385";"-138"
"385";"-139"
"385";"-140"
"385";"-141"
"385";"-142"
"385";"-143"
"386";"-134"
"386";"-135"
"386";"-136"
"386";"-137"
"386";"-138"
"386";"-139"
"386";"-140"
"386";"-141"
"386";"-142"
"386";"-143"
"387";"-135"
"387";"-136"
"387";"-137"
"387";"-138"
"387";"-139"
"387";"-140"
"387";"-141"
"387";"-142"
"387";"-143"
"387";"-144"
"388";"-137"
"388";"-138"
"388";"-139"
"388";"-140"
"388";"-141"
"388";"-142"
"388";"-143"
"388";"-144"
"389";"-137"
"389";"-138"
"389";"-139"
"389";"-140"
"389";"-141"
"389";"-142"
"389";"-143"
"389";"-144"
"389";"-145"
"390";"-140"
"390";"-141"
"390";"-142"
"390";"-143"
"390";"-144"
"390";"-145"
"390";"-146"
"391";"-139"
"391";"-140"
"391";"-141"
"391";"-142"
"391";"-143"
"391";"-144"
"392";"-137"
"392";"-138"
"392";"-139"
"392";"-140"
"392";"-141"
"392";"-142"
"393";"-136"
"393";"-137"
"393";"-138"
"393";"-139"
"393";"-140"
"393";"-141"
"394";"-136"
"394";"-137"
"394";"-138"
"394";"-139"
"394";"-140"
"394";"-141"
"394";"-142"
"394";"-143"
"394";"-144"
"395";"-136"
"395";"-137"
"395";"-138"
"395";"-139"
"395";"-140"
"395";"-141"
"395";"-142"
"395";"-143"
"395";"-144"
"395";"-145"
"395";"-146"
"396";"-135"
"396";"-136"
"396";"-137"
"396";"-138"
"396";"-139"
"396";"-140"
"396";"-141"
"396";"-142"
"396";"-143"
"396";"-144"
"396";"-145"
"396";"-146"
"397";"-133"
"397";"-134"
"397";"-135"
"397";"-136"
"397";"-137"
"397";"-138"
"397";"-139"
"397";"-140"
"397";"-141"
"397";"-142"
"397";"-143"
"397";"-144"
"398";"-132"
"398";"-133"
"398";"-134"
"398";"-135"
"398";"-136"
"398";"-137"
"398";"-138"
"398";"-139"
"398";"-140"
"398";"-141"
"398";"-142"
"398";"-143"
"398";"-144"
"398";"-145"
"399";"-133"
"399";"-134"
"399";"-135"
"399";"-136"
"399";"-137"
"399";"-138"
"399";"-139"
"399";"-140"
"399";"-141"
"399";"-142"
"399";"-143"
"399";"-144"
"399";"-145"
"400";"-134"
"400";"-135"
"400";"-136"
"400";"-137"
"400";"-138"
"400";"-139"
"400";"-140"
"400";"-141"
"400";"-142"
"400";"-143"
"400";"-144"
"400";"-145"
"401";"-132"
"401";"-133"
"401";"-134"
"401";"-135"
"401";"-136"
"401";"-137"
"401";"-138"
"401";"-139"
"401";"-140"
"401";"-141"
"401";"-142"
"401";"-143"
"401";"-144"
"402";"-132"
"402";"-133"
"402";"-134"
"402";"-135"
"402";"-136"
"402";"-137"
"402";"-138"
"402";"-139"
"402";"-140"
"402";"-141"
"402";"-142"
"402";"-143"
"402";"-144"
"402";"-145"
"403";"-134"
"403";"-135"
"403";"-136"
"403";"-137"
"403";"-138"
"403";"-139"
"403";"-140"
"403";"-141"
"403";"-142"
"403";"-143"
"403";"-144"
"403";"-145"
"404";"-134"
"404";"-135"
"404";"-136"
"404";"-137"
"404";"-138"
"404";"-139"
"404";"-140"
"404";"-141"
"404";"-142"
"405";"-136"
"405";"-137"
"405";"-138"
"405";"-139"
"405";"-140"
"405";"-141"
"405";"-142"
"406";"-135"
"406";"-136"
"406";"-137"
"406";"-138"
"406";"-139"
"406";"-140"
"406";"-141"
"406";"-142"
"407";"-134"
"407";"-135"
"407";"-136"
"407";"-137"
"407";"-138"
"407";"-139"
"407";"-140"
"407";"-141"
"407";"-142"
"407";"-143"
"407";"-144"
"407";"-145"
"407";"-146"
"407";"-147"
"407";"-148"
"407";"-149"
"407";"-150"
"407";"-151"
"407";"-152"
"407";"-153"
"407";"-154"
"407";"-155"
"407";"-156"
"407";"-157"
"407";"-158"
"408";"-134"
"408";"-135"
"408";"-136"
"408";"-137"
"408";"-138"
"408";"-139"
"408";"-140"
"408";"-141"
"408";"-142"
"408";"-143"
"408";"-144"
"408";"-145"
"408";"-146"
"408";"-147"
"408";"-148"
"408";"-149"
"408";"-150"
"408";"-151"
"408";"-152"
"408";"-153"
"408";"-154"
"408";"-155"
"408";"-156"
"408";"-157"
"408";"-158"
"408";"-159"
"409";"-136"
"409";"-137"
"409";"-138"
"409";"-139"
"409";"-140"
"409";"-141"
"409";"-142"
"409";"-143"
"409";"-144"
"409";"-145"
"409";"-146"
"409";"-147"
"409";"-148"
"409";"-149"
"409";"-150"
"409";"-151"
"409";"-152"
"409";"-153"
"409";"-154"
"409";"-155"
"409";"-156"
"409";"-157"
"409";"-158"
"410";"-136"
"410";"-137"
"410";"-138"
"410";"-139"
"410";"-140"
"410";"-141"
"410";"-142"
"410";"-143"
"410";"-144"
"410";"-145"
"410";"-146"
"410";"-147"
"410";"-148"
"410";"-149"
"410";"-150"
"411";"-135"
"411";"-136"
"411";"-137"
"411";"-138"
"411";"-139"
"411";"-140"
"411";"-141"
"411";"-142"
"411";"-143"
"411";"-144"
"411";"-145"
"411";"-146"
"411";"-147"
"411";"-148"
"411";"-149"
"411";"-150"
"412";"-134"
"412";"-135"
"412";"-136"
"412";"-137"
"412";"-138"
"412";"-139"
"412";"-140"
"412";"-141"
"412";"-142"
"412";"-143"
"412";"-144"
"412";"-145"
"412";"-146"
"412";"-147"
"412";"-148"
"412";"-149"
"412";"-150"
"413";"-134"
"413";"-135"
"413";"-136"
"413";"-137"
"413";"-138"
"413";"-139"
"413";"-140"
"413";"-141"
"413";"-142"
"414";"-138"
"414";"-139"
"414";"-140"
"414";"-141"
"414";"-142"
"415";"-137"
"415";"-138"
"415";"-139"
"415";"-140"
"415";"-141"
"415";"-142"
"415";"-143"
"415";"-144"
"415";"-145"
"416";"-136"
"416";"-137"
"416";"-138"
"416";"-139"
"416";"-140"
"416";"-141"
"416";"-142"
"416";"-143"
"416";"-144"
"416";"-145"
"417";"-135"
"417";"-136"
"417";"-137"
"417";"-138"
"417";"-139"
"417";"-140"
"417";"-141"
"417";"-142"
"417";"-143"
"417";"-144"
"417";"-145"
"418";"-134"
"418";"-135"
"418";"-136"
"418";"-137"
"418";"-138"
"418";"-139"
"418";"-140"
"418";"-141"
"418";"-142"
"418";"-143"
"419";"-134"
"419";"-135"
"419";"-136"
"419";"-137"
"419";"-138"
"419";"-139"
"419";"-140"
"419";"-141"
"419";"-142"
"419";"-143"
"419";"-144"
"419";"-145"
"419";"-146"
"419";"-147"
"419";"-148"
"419";"-149"
"419";"-150"
"419";"-151"
"419";"-152"
"419";"-153"
"419";"-154"
"419";"-155"
"419";"-156"
"419";"-157"
"419";"-158"
"419";"-159"
"419";"-160"
"419";"-161"
"419";"-162"
"419";"-163"
"419";"-164"
"419";"-165"
"419";"-166"
"419";"-167"
"419";"-168"
"419";"-169"
"419";"-170"
"419";"-171"
"419";"-172"
"419";"-173"
"420";"-134"
"420";"-135"
"420";"-136"
"420";"-137"
"420";"-138"
"420";"-139"
"420";"-140"
"420";"-141"
"420";"-142"
"420";"-143"
"420";"-144"
"420";"-145"
"420";"-146"
"420";"-147"
"420";"-148"
"420";"-149"
"420";"-150"
"420";"-151"
"420";"-152"
"420";"-153"
"420";"-154"
"420";"-155"
"420";"-156"
"420";"-157"
"420";"-158"
"420";"-159"
"420";"-160"
"420";"-161"
"420";"-162"
"420";"-163"
"420";"-164"
"420";"-165"
"420";"-166"
"420";"-167"
"420";"-168"
"420";"-169"
"420";"-170"
"420";"-171"
"420";"-172"
"420";"-173"
"421";"-141"
"421";"-142"
"421";"-143"
"421";"-144"
"421";"-145"
"421";"-146"
"421";"-147"
"421";"-148"
"421";"-149"
"421";"-150"
"421";"-151"
"421";"-152"
"421";"-153"
"421";"-154"
"421";"-155"
"421";"-156"
"421";"-157"
"421";"-158"
"421";"-159"
"421";"-160"
"421";"-161"
"421";"-162"
"421";"-163"
"421";"-164"
"421";"-165"
"421";"-166"
"421";"-167"
"421";"-168"
"421";"-169"
"421";"-170"
"421";"-171"
"421";"-172"
"421";"-173"
"422";"-141"
"422";"-142"
"422";"-143"
"422";"-144"
"422";"-145"
"422";"-146"
"422";"-147"
"422";"-148"
"422";"-149"
"422";"-150"
"423";"-134"
"423";"-135"
"423";"-136"
"423";"-137"
"423";"-138"
"423";"-139"
"423";"-140"
"423";"-141"
"423";"-142"
"423";"-143"
"423";"-144"
"423";"-145"
"423";"-146"
"423";"-147"
"423";"-148"
"423";"-149"
"423";"-150"
"424";"-134"
"424";"-135"
"424";"-136"
"424";"-137"
"424";"-138"
"424";"-139"
"424";"-140"
"424";"-141"
"424";"-142"
"424";"-143"
"424";"-144"
"424";"-145"
"424";"-146"
"424";"-147"
"424";"-148"
"424";"-149"
"424";"-150"
"425";"-134"
"425";"-135"
"425";"-136"
"425";"-137"
"425";"-138"
"425";"-139"
"425";"-140"
"425";"-141"
"425";"-142"
"425";"-143"
"425";"-144"
"425";"-145"
"425";"-146"
"425";"-147"
"425";"-148"
"425";"-149"
"425";"-150"
"425";"-151"
"425";"-152"
"426";"-134"
"426";"-135"
"426";"-136"
"426";"-137"
"426";"-138"
"426";"-139"
"426";"-140"
"426";"-141"
"426";"-142"
"426";"-143"
"426";"-144"
"426";"-145"
"426";"-146"
"426";"-147"
"426";"-148"
"426";"-149"
"426";"-150"
"426";"-151"
"426";"-152"
"427";"-139"
"427";"-140"
"427";"-141"
"427";"-142"
"427";"-143"
"427";"-144"
"427";"-145"
"427";"-146"
"427";"-147"
"427";"-148"
"427";"-149"
"427";"-150"
"427";"-151"
"427";"-152"
"427";"-153"
"427";"-154"
"427";"-155"
"427";"-156"
"427";"-157"
"428";"-139"
"428";"-140"
"428";"-141"
"428";"-142"
"428";"-143"
"428";"-144"
"428";"-145"
"428";"-146"
"428";"-147"
"428";"-148"
"428";"-149"
"428";"-150"
"428";"-151"
"428";"-152"
"428";"-153"
"428";"-154"
"428";"-155"
"428";"-156"
"428";"-157"
"428";"-158"
"428";"-159"
"428";"-160"
"428";"-161"
"428";"-162"
"428";"-163"
"428";"-164"
"428";"-165"
"428";"-166"
"428";"-167"
"428";"-168"
"428";"-169"
"428";"-170"
"428";"-171"
"428";"-172"
"428";"-173"
"428";"-174"
"428";"-175"
"428";"-176"
"428";"-177"
"428";"-178"
"428";"-179"
"428";"-180"
"428";"-181"
"428";"-182"
"428";"-183"
"428";"-184"
"428";"-185"
"428";"-186"
"428";"-187"
"428";"-188"
"428";"-189"
"428";"-190"
"428";"-191"
"428";"-192"
"428";"-193"
"428";"-194"
"428";"-195"
"428";"-196"
"429";"-139"
"429";"-140"
"429";"-141"
"429";"-142"
"429";"-143"
"429";"-144"
"429";"-145"
"429";"-146"
"429";"-147"
"429";"-148"
"429";"-149"
"429";"-150"
"429";"-151"
"429";"-152"
"429";"-153"
"429";"-154"
"429";"-155"
"429";"-156"
"429";"-157"
"429";"-158"
"429";"-159"
"429";"-160"
"429";"-161"
"429";"-162"
"429";"-163"
"429";"-164"
"429";"-165"
"429";"-166"
"429";"-167"
"429";"-168"
"429";"-169"
"429";"-170"
"429";"-171"
"429";"-172"
"429";"-173"
"429";"-174"
"429";"-175"
"429";"-176"
"429";"-177"
"429";"-178"
"429";"-179"
"429";"-180"
"429";"-181"
"429";"-182"
"429";"-183"
"429";"-184"
"429";"-185"
"429";"-186"
"429";"-187"
"429";"-188"
"429";"-189"
"429";"-190"
"429";"-191"
"429";"-192"
"429";"-193"
"429";"-194"
"429";"-195"
"429";"-196"
"429";"-197"
"429";"-198"
"429";"-199"
"429";"-200"
"429";"-201"
"429";"-202"
"429";"-203"
"429";"-204"
"429";"-205"
"429";"-206"
"429";"-207"
"429";"-208"
"429";"-209"
"429";"-210"
"429";"-211"
"429";"-212"
"429";"-213"
"429";"-214"
"429";"-215"
"429";"-216"
"429";"-217"
"429";"-218"
"429";"-219"
"429";"-220"
"429";"-221"
"429";"-222"
"429";"-223"
"429";"-224"
"429";"-225"
"430";"-166"
"430";"-167"
"430";"-168"
"430";"-169"
"430";"-170"
"430";"-171"
"430";"-172"
"430";"-173"
"430";"-174"
"430";"-175"
"430";"-176"
"430";"-177"
"430";"-178"
"430";"-179"
"430";"-180"
"430";"-181"
"430";"-182"
"430";"-183"
"430";"-184"
"430";"-185"
"430";"-186"
"430";"-187"
"430";"-188"
"430";"-189"
"430";"-190"
"430";"-191"
"430";"-192"
"430";"-193"
"430";"-194"
"430";"-195"
"430";"-196"
"430";"-197"
"430";"-198"
"430";"-199"
"430";"-200"
"430";"-201"
"430";"-202"
"430";"-203"
"430";"-204"
"430";"-205"
"430";"-206"
"430";"-207"
"430";"-208"
"430";"-209"
"430";"-210"
"430";"-211"
"430";"-212"
"430";"-213"
"430";"-214"
"430";"-215"
"430";"-216"
"430";"-217"
"430";"-218"
"430";"-219"
"430";"-220"
"430";"-221"
"430";"-222"
"430";"-223"
"430";"-224"
"430";"-225"
"430";"-226"
"430";"-227"
"430";"-228"
"430";"-229"
"430";"-230"
"430";"-231"
"430";"-232"
"430";"-233"
"430";"-234"
"430";"-235"
"430";"-236"
"430";"-237"
"430";"-238"
"430";"-239"
"430";"-240"
"430";"-241"
"430";"-242"
"430";"-243"
"430";"-244"
"430";"-245"
"430";"-246"
"430";"-247"
"430";"-248"
"430";"-249"
"430";"-250"
"431";"-214"
"431";"-215"
"431";"-216"
"431";"-217"
"431";"-218"
"431";"-219"
"431";"-220"
"431";"-221"
"431";"-222"
"431";"-223"
"431";"-224"
"431";"-225"
"431";"-226"
"431";"-227"
"431";"-228"
"431";"-229"
"431";"-230"
"431";"-231"
"431";"-232"
"431";"-233"
"431";"-234"
"431";"-235"
"431";"-236"
"431";"-237"
"431";"-238"
"431";"-239"
"431";"-240"
"431";"-241"
"431";"-242"
"431";"-243"
"431";"-244"
"431";"-245"
"431";"-246"
"431";"-247"
"431";"-248"
"431";"-249"
"431";"-250"
"431";"-251"
"431";"-252"
"431";"-253"
"431";"-254"
"431";"-255"
"431";"-256"
"431";"-257"
"431";"-258"
"431";"-259"
"431";"-260"
"432";"-238"
"432";"-239"
"432";"-240"
"432";"-241"
"432";"-242"
"432";"-243"
"432";"-244"
"432";"-245"
"432";"-246"
"432";"-247"
"432";"-248"
"432";"-249"
"432";"-250"
"432";"-251"
"432";"-252"
"432";"-253"
"432";"-254"
"432";"-255"
"432";"-256"
"432";"-257"
"432";"-258"
"432";"-259"
"432";"-260"
"432";"-261"
"432";"-262"
"432";"-263"
"432";"-264"
"432";"-265"
"432";"-266"
"432";"-267"
"432";"-268"
"432";"-269"
"432";"-270"
"432";"-271"
"432";"-272"
"432";"-273"
"432";"-274"
"432";"-275"
"433";"-254"
"433";"-255"
"433";"-256"
"433";"-257"
"433";"-258"
"433";"-259"
"433";"-260"
"433";"-261"
"433";"-262"
"433";"-263"
"433";"-264"
"433";"-265"
"433";"-266"
"433";"-267"
"433";"-268"
"433";"-269"
"433";"-270"
"433";"-271"
"433";"-272"
"433";"-273"
"433";"-274"
"433";"-275"
"433";"-276"
"433";"-277"
"433";"-278"
"433";"-279"
"433";"-280"
"433";"-281"
"433";"-282"
"433";"-283"
"433";"-284"
"433";"-285"
"433";"-286"
"433";"-287"
"433";"-288"
"433";"-289"
"433";"-290"
"433";"-291"
"433";"-292"
"433";"-293"
"433";"-294"
"433";"-295"
"433";"-296"
"433";"-297"
"434";"-262"
"434";"-263"
"434";"-264"
"434";"-265"
"434";"-266"
"434";"-267"
"434";"-268"
"434";"-269"
"434";"-270"
"434";"-271"
"434";"-272"
"434";"-273"
"434";"-274"
"434";"-275"
"434";"-276"
"434";"-277"
"434";"-278"
"434";"-279"
"434";"-280"
"434";"-281"
"434";"-282"
"434";"-283"
"434";"-284"
"434";"-285"
"434";"-286"
"434";"-287"
"434";"-288"
"434";"-289"
"434";"-290"
"434";"-291"
"434";"-292"
"434";"-293"
"434";"-294"
"434";"-295"
"434";"-296"
"434";"-297"
"434";"-298"
"434";"-299"
"434";"-300"
"434";"-301"
"434";"-302"
"434";"-303"
"434";"-304"
"434";"-305"
"434";"-306"
"434";"-307"
"434";"-308"
"434";"-309"
"434";"-310"
"434";"-311"
"435";"-290"
"435";"-291"
"435";"-292"
"435";"-293"
"435";"-294"
"435";"-295"
"435";"-296"
"435";"-297"
"435";"-298"
"435";"-299"
"435";"-300"
"435";"-301"
"435";"-302"
"435";"-303"
"435";"-304"
"435";"-305"
"435";"-306"
"435";"-307"
"435";"-308"
"435";"-309"
"435";"-310"
"435";"-311"
"435";"-312"
"435";"-313"
"435";"-314"
"436";"-304"
"436";"-305"
"436";"-306"
"436";"-307"
"436";"-308"
"436";"-309"
"436";"-310"
"436";"-311"
"436";"-312"
"436";"-313"
"436";"-314"
"436";"-315"
"436";"-316"
"436";"-317"
"436";"-318"
"436";"-319"
"436";"-320"
"436";"-321"
"436";"-322"
"437";"-311"
"437";"-312"
"437";"-313"
"437";"-314"
"437";"-315"
"437";"-316"
"437";"-317"
"437";"-318"
"437";"-319"
"437";"-320"
"437";"-321"
"437";"-322"
"437";"-323"
"437";"-324"
"437";"-325"
"437";"-326"
"437";"-327"
"437";"-328"
"437";"-329"
"437";"-330"
"437";"-331"
"437";"-332"
"437";"-333"
"437";"-334"
"438";"-315"
"438";"-316"
"438";"-317"
"438";"-318"
"438";"-319"
"438";"-320"
"438";"-321"
"438";"-322"
"438";"-323"
"438";"-324"
"438";"-325"
"438";"-326"
"438";"-327"
"438";"-328"
"438";"-329"
"438";"-330"
"438";"-331"
"438";"-332"
"438";"-333"
"438";"-334"
"438";"-335"
"438";"-336"
"438";"-337"
"438";"-338"
"438";"-339"
"438";"-340"
"438";"-341"
"439";"-326"
"439";"-327"
"439";"-328"
"439";"-329"
"439";"-330"
"439";"-331"
"439";"-332"
"439";"-333"
"439";"-334"
"439";"-335"
"439";"-336"
"439";"-337"
"439";"-338"
"439";"-339"
"439";"-340"
"439";"-341"
"440";"-338"
"440";"-339"
"440";"-340"
"440";"-341"
"441";"-338"
"441";"-339"
"441";"-340"
"442";"-338"
"442";"-339"
"442";"-340"
"443";"-338"
"443";"-339"
"443";"-340"
"444";"-338"
"444";"-339"
"444";"-340"
"445";"-338"
"445";"-339"
"445";"-340"
"446";"-338"
"446";"-339"
"446";"-340"
"447";"-338"
"447";"-339"
"447";"-340"
"448";"-338"
"448";"-339"
"448";"-340"
"449";"-338"
"449";"-339"
"449";"-340"
"450";"-338"
"450";"-339"
"450";"-340"
"451";"-338"
"451";"-339"
"451";"-340"
"452";"-338"
"452";"-339"
"452";"-340"
"453";"-338"
"453";"-339"
"453";"-340"
"454";"-338"
"454";"-339"
"454";"-340"
"454";"-341"
"455";"-339"
"455";"-340"
"455";"-341"
"456";"-338"
"456";"-339"
"456";"-340"
"456";"-341"
"457";"-338"
"457";"-339"
"457";"-340"
"458";"-338"
"458";"-339"
"458";"-340"
"459";"-338"
"459";"-339"
"459";"-340"
"460";"-338"
"460";"-339"
"460";"-340"
"461";"-338"
"461";"-339"
"461";"-340"
"462";"-338"
"462";"-339"
"462";"-340"
"463";"-338"
"463";"-339"
"463";"-340"
"464";"-338"
"464";"-339"
"464";"-340"
"465";"-338"
"465";"-339"
"465";"-340"
"466";"-338"
"466";"-339"
"466";"-340"
"467";"-338"
"467";"-339"
"467";"-340"
"468";"-338"
"468";"-339"
"468";"-340"
"469";"-338"
"469";"-339"
"469";"-340"
"470";"-338"
"470";"-339"
"470";"-340"
"471";"-338"
"471";"-339"
"471";"-340"
"472";"-338"
"472";"-339"
"472";"-340"
"473";"-338"
"473";"-339"
"473";"-340"
"474";"-338"
"474";"-339"
"474";"-340"
"475";"-338"
"475";"-339"
"475";"-340"
"476";"-338"
"476";"-339"
"476";"-340"
"477";"-338"
"477";"-339"
"477";"-340"
"478";"-338"
"478";"-339"
"478";"-340"
"479";"-338"
"479";"-339"
"479";"-340"
"480";"-338"
"480";"-339"
"480";"-340"
"481";"-338"
"481";"-339"
"481";"-340"
"482";"-338"
"482";"-339"
"482";"-340"
"483";"-338"
"483";"-339"
"483";"-340"
"484";"-338"
"484";"-339"
"484";"-340"
"485";"-338"
"485";"-339"
"485";"-340"
"486";"-338"
"486";"-339"
"486";"-340"
"487";"-338"
"487";"-339"
"487";"-340"
"488";"-338"
"488";"-339"
"488";"-340"
"489";"-338"
"489";"-339"
"489";"-340"
"490";"-338"
"490";"-339"
"490";"-340"
"491";"-338"
"491";"-339"
"491";"-340"
"492";"-338"
"492";"-339"
"492";"-340"
"493";"-338"
"493";"-339"
"493";"-340"
"494";"-338"
"494";"-339"
"494";"-340"
"495";"-338"
"495";"-339"
"495";"-340"
"496";"-338"
"496";"-339"
"496";"-340"
"497";"-338"
"497";"-339"
"497";"-340"
"498";"-338"
"498";"-339"
"498";"-340"
"499";"-338"
"499";"-339"
"499";"-340"
"500";"-338"
"500";"-339"
"500";"-340"
"501";"-338"
"501";"-339"
"501";"-340"
"502";"-338"
"502";"-339"
"502";"-340"
"503";"-338"
"503";"-339"
"503";"-340"
"504";"-338"
"504";"-339"
"504";"-340"
"505";"-338"
"505";"-339"
"505";"-340"
"506";"-338"
"506";"-339"
"506";"-340"
"507";"-338"
"507";"-339"
"507";"-340"
"508";"-338"
"508";"-339"
"508";"-340"
"509";"-338"
"509";"-339"
"509";"-340"
"510";"-338"
"510";"-339"
"510";"-340"
"511";"-338"
"511";"-339"
"511";"-340"
"512";"-337"
"512";"-338"
"512";"-339"
"513";"-337"
"513";"-338"
"513";"-339"
"514";"-336"
"514";"-337"
"514";"-338"
"515";"-336"
"515";"-337"
"515";"-338"
"515";"-339"
"516";"-337"
"516";"-338"
"516";"-339"
"517";"-338"
"517";"-339"
"517";"-340"
"518";"-338"
"518";"-339"
"518";"-340"
"519";"-338"
"519";"-339"
"519";"-340"
"520";"-338"
"520";"-339"
"520";"-340"
"521";"-338"
"521";"-339"
"521";"-340"
"522";"-338"
"522";"-339"
"522";"-340"
"523";"-338"
"523";"-339"
"523";"-340"
"524";"-338"
"524";"-339"
"524";"-340"
"525";"-338"
"525";"-339"
"525";"-340"
"526";"-338"
"526";"-339"
"526";"-340"
"527";"-338"
"527";"-339"
"527";"-340"
"528";"-338"
"528";"-339"
"528";"-340"
"529";"-338"
"529";"-339"
"529";"-340"
"530";"-338"
"530";"-339"
"530";"-340"
"531";"-338"
"531";"-339"
"531";"-340"
"532";"-338"
"532";"-339"
"532";"-340"
"533";"-338"
"533";"-339"
"533";"-340"
"534";"-338"
"534";"-339"
"534";"-340"
"535";"-338"
"535";"-339"
"535";"-340"
"536";"-338"
"536";"-339"
"536";"-340"
"537";"-338"
"537";"-339"
"537";"-340"
"538";"-338"
"538";"-339"
"538";"-340"
"539";"-338"
"539";"-339"
"539";"-340"
"540";"-338"
"540";"-339"
"540";"-340"
"541";"-338"
"541";"-339"
"541";"-340"
